Movie_ID,Title,Language,Genre,Release_Year,Director,Cast,Duration_min,IMDb_Rating,Votes,Box_Office_Crore,Platform,Trailer_Link,Category
1,Dilwale Dulhania Le Jayenge,Hindi,Romance,2021,Aditya Chopra,"Shah Rukh Khan, Kajol",189,8.6,260000,157.1,Disney+ Hotstar,https://www.youtube.com/watch?v=000001,Bollywood
2,Baahubali: The Beginning,Telugu,Action,2018,S.S. Rajamouli,"Prabhas, Rana Daggubati, Anushka Shetty",159,8.0,180000,229.1,SonyLIV,https://www.youtube.com/watch?v=000002,Tollywood
3,KGF: Chapter 1,Kannada,Action,2000,Prashanth Neel,"Yash, Srinidhi Shetty",156,8.2,120000,520.2,Disney+ Hotstar,https://www.youtube.com/watch?v=000003,Sandalwood
4,Lagaan,Hindi,Historical,1999,Ashutosh Gowariker,"Aamir Khan, Gracy Singh",224,8.1,95000,77.6,SonyLIV,https://www.youtube.com/watch?v=000004,Bollywood
5,3 Idiots,Hindi,Comedy,2004,Rajkumar Hirani,"Aamir Khan, R. Madhavan, Sharman Joshi",170,8.4,350000,88.7,Amazon Prime,https://www.youtube.com/watch?v=000005,Bollywood
6,Pushpa: The Rise,Telugu,Action,2007,Sukumar,"Allu Arjun, Rashmika Mandanna",179,7.6,90000,196.5,Amazon Prime,https://www.youtube.com/watch?v=000006,Tollywood
7,RRR,Telugu,Action,2005,S.S. Rajamouli,"Ram Charan, Jr NTR, Alia Bhatt",182,8.0,210000,595.3,Theatrical,https://www.youtube.com/watch?v=000007,Tollywood
8,Tumbbad,Hindi,Horror,2006,Rahi Anil Barve,Sohum Shah,104,8.2,60000,371.1,Amazon Prime,https://www.youtube.com/watch?v=000008,Bollywood
9,Drishyam,Malayalam,Thriller,2015,Jeethu Joseph,Mohanlal,160,8.3,80000,545.1,Disney+ Hotstar,https://www.youtube.com/watch?v=000009,Mollywood
10,Jab We Met,Hindi,Romance,1991,Imtiaz Ali,"Shahid Kapoor, Kareena Kapoor",138,7.9,150000,442.3,Disney+ Hotstar,https://www.youtube.com/watch?v=000010,Bollywood
11,Movie 11,Kannada,Comedy,1998,S.S. Rajamouli,"Deepika Padukone, Ranveer Singh, Rashmika Mandanna",164,7.3,82732,382.8,Theatrical,https://www.youtube.com/watch?v=000011,Sandalwood
12,Movie 12,Telugu,Action,1996,Sanjay Leela Bhansali,"Shah Rukh Khan, Aamir Khan, Kareena Kapoor",131,7.2,108439,99.6,Theatrical,https://www.youtube.com/watch?v=000012,Tollywood
13,Movie 13,Tamil,Thriller,2023,Rohit Shetty,"Allu Arjun, Shah Rukh Khan",168,5.1,248189,107.6,Amazon Prime,https://www.youtube.com/watch?v=000013,Kollywood
14,Movie 14,Telugu,Historical,2013,S.S. Rajamouli,Rashmika Mandanna,133,8.8,94118,577.0,Netflix,https://www.youtube.com/watch?v=000014,Tollywood
15,Movie 15,Telugu,Historical,2012,Unknown Director,"Mohanlal, Shah Rukh Khan",126,6.3,101121,74.9,Amazon Prime,https://www.youtube.com/watch?v=000015,Tollywood
16,Movie 16,Kannada,Biopic,2024,Imtiaz Ali,"Kareena Kapoor, Ranveer Singh",197,8.2,180482,488.2,Disney+ Hotstar,https://www.youtube.com/watch?v=000016,Sandalwood
17,Movie 17,Gujarati,Biopic,2005,Imtiaz Ali,"Mohanlal, Kareena Kapoor",173,5.1,121942,136.6,Netflix,https://www.youtube.com/watch?v=000017,Others
18,Movie 18,Gujarati,Romance,2023,Unknown Director,Mohanlal,104,6.7,180524,377.2,Netflix,https://www.youtube.com/watch?v=000018,Others
19,Movie 19,Tamil,Musical,2025,Unknown Director,Deepika Padukone,182,7.5,54406,480.5,Netflix,https://www.youtube.com/watch?v=000019,Kollywood
20,Movie 20,Malayalam,Action,2006,Sanjay Leela Bhansali,"Rashmika Mandanna, Yash",182,6.4,222112,569.6,Zee5,https://www.youtube.com/watch?v=000020,Mollywood
21,Movie 21,Tamil,Action,2009,Imtiaz Ali,Deepika Padukone,133,7.2,289513,84.2,Zee5,https://www.youtube.com/watch?v=000021,Kollywood
22,Movie 22,Bengali,Action,2025,Sanjay Leela Bhansali,"Shah Rukh Khan, Yash, Allu Arjun",168,9.4,278438,78.1,SonyLIV,https://www.youtube.com/watch?v=000022,Others
23,Movie 23,Telugu,Thriller,1994,Rohit Shetty,"Rashmika Mandanna, Deepika Padukone",150,5.8,186424,558.5,Theatrical,https://www.youtube.com/watch?v=000023,Tollywood
24,Movie 24,Bengali,Historical,2010,Unknown Director,"Mohanlal, Yash, Aamir Khan",99,6.5,242246,141.1,Disney+ Hotstar,https://www.youtube.com/watch?v=000024,Others
25,Movie 25,Telugu,Thriller,2019,Rohit Shetty,Yash,173,9.3,55050,385.6,Amazon Prime,https://www.youtube.com/watch?v=000025,Tollywood
26,Movie 26,Hindi,Thriller,2008,Sanjay Leela Bhansali,Aamir Khan,95,7.6,153686,267.2,Theatrical,https://www.youtube.com/watch?v=000026,Bollywood
27,Movie 27,Kannada,Musical,1995,S.S. Rajamouli,"Rashmika Mandanna, Mohanlal",101,9.1,57596,501.6,Netflix,https://www.youtube.com/watch?v=000027,Sandalwood
28,Movie 28,Bengali,Drama,2022,Imtiaz Ali,"Kareena Kapoor, Alia Bhatt, Yash",175,7.7,241126,513.1,Amazon Prime,https://www.youtube.com/watch?v=000028,Others
29,Movie 29,Hindi,Horror,2016,Rohit Shetty,Kareena Kapoor,199,7.7,238556,481.6,Netflix,https://www.youtube.com/watch?v=000029,Bollywood
30,Movie 30,Malayalam,Musical,2013,S.S. Rajamouli,"Aamir Khan, Kareena Kapoor",114,5.1,204569,398.1,Netflix,https://www.youtube.com/watch?v=000030,Mollywood
31,Movie 31,Malayalam,Drama,2000,Imtiaz Ali,"Yash, Rashmika Mandanna, Mohanlal",131,8.3,151572,575.0,SonyLIV,https://www.youtube.com/watch?v=000031,Mollywood
32,Movie 32,Telugu,Sci-Fi,1997,Imtiaz Ali,Mohanlal,97,6.2,82112,223.5,Disney+ Hotstar,https://www.youtube.com/watch?v=000032,Tollywood
33,Movie 33,Kannada,Comedy,2001,Imtiaz Ali,Yash,196,7.1,220140,394.6,Theatrical,https://www.youtube.com/watch?v=000033,Sandalwood
34,Movie 34,Bengali,Sci-Fi,2004,Anurag Kashyap,"Rashmika Mandanna, Allu Arjun",192,6.8,68669,593.9,Netflix,https://www.youtube.com/watch?v=000034,Others
35,Movie 35,Hindi,Drama,2002,Unknown Director,"Aamir Khan, Yash, Allu Arjun",125,7.1,272065,128.8,Zee5,https://www.youtube.com/watch?v=000035,Bollywood
36,Movie 36,Hindi,Romance,2007,Imtiaz Ali,"Mohanlal, Yash, Kareena Kapoor",114,9.0,151644,135.5,Zee5,https://www.youtube.com/watch?v=000036,Bollywood
37,Movie 37,Marathi,Historical,2003,S.S. Rajamouli,"Ranveer Singh, Shah Rukh Khan, Kareena Kapoor",199,8.1,271500,232.9,Disney+ Hotstar,https://www.youtube.com/watch?v=000037,Others
38,Movie 38,Malayalam,Action,2002,Anurag Kashyap,Yash,119,8.2,37340,265.0,Theatrical,https://www.youtube.com/watch?v=000038,Mollywood
39,Movie 39,Gujarati,Historical,2006,S.S. Rajamouli,Rashmika Mandanna,112,5.5,272101,243.3,Amazon Prime,https://www.youtube.com/watch?v=000039,Others
40,Movie 40,Marathi,Comedy,1992,Anurag Kashyap,"Rashmika Mandanna, Aamir Khan, Ranveer Singh",189,8.1,207536,60.4,SonyLIV,https://www.youtube.com/watch?v=000040,Others
41,Movie 41,Gujarati,Comedy,2024,S.S. Rajamouli,"Kareena Kapoor, Allu Arjun, Mohanlal",137,8.6,8355,571.5,SonyLIV,https://www.youtube.com/watch?v=000041,Others
42,Movie 42,Marathi,Musical,1990,S.S. Rajamouli,Rashmika Mandanna,96,8.8,297717,572.2,Theatrical,https://www.youtube.com/watch?v=000042,Others
43,Movie 43,Hindi,Horror,1995,S.S. Rajamouli,Aamir Khan,199,8.8,67194,180.5,Amazon Prime,https://www.youtube.com/watch?v=000043,Bollywood
44,Movie 44,Tamil,Thriller,2007,Rohit Shetty,Alia Bhatt,162,8.1,45838,332.9,Disney+ Hotstar,https://www.youtube.com/watch?v=000044,Kollywood
45,Movie 45,Telugu,Action,2023,Imtiaz Ali,"Ranveer Singh, Mohanlal, Deepika Padukone",96,8.2,92706,322.0,Theatrical,https://www.youtube.com/watch?v=000045,Tollywood
46,Movie 46,Bengali,Biopic,2007,Unknown Director,"Yash, Alia Bhatt",193,9.1,140665,296.3,Netflix,https://www.youtube.com/watch?v=000046,Others
47,Movie 47,Kannada,Thriller,2023,Rohit Shetty,"Shah Rukh Khan, Mohanlal, Yash",169,7.1,49334,566.1,Amazon Prime,https://www.youtube.com/watch?v=000047,Sandalwood
48,Movie 48,Marathi,Sci-Fi,2024,Imtiaz Ali,"Shah Rukh Khan, Mohanlal",180,5.4,248742,428.2,Disney+ Hotstar,https://www.youtube.com/watch?v=000048,Others
49,Movie 49,Telugu,Thriller,2007,Sanjay Leela Bhansali,"Rashmika Mandanna, Kareena Kapoor",120,7.2,225260,474.8,Netflix,https://www.youtube.com/watch?v=000049,Tollywood
50,Movie 50,Marathi,Horror,1994,Unknown Director,"Yash, Rashmika Mandanna",136,5.6,169887,532.9,Theatrical,https://www.youtube.com/watch?v=000050,Others
51,Movie 51,Hindi,Romance,2019,Rohit Shetty,Alia Bhatt,165,5.0,56517,243.0,Disney+ Hotstar,https://www.youtube.com/watch?v=000051,Bollywood
52,Movie 52,Malayalam,Action,2003,Unknown Director,"Shah Rukh Khan, Yash",91,7.5,179493,156.1,SonyLIV,https://www.youtube.com/watch?v=000052,Mollywood
53,Movie 53,Malayalam,Action,2013,Anurag Kashyap,"Shah Rukh Khan, Rashmika Mandanna",203,8.4,121269,87.6,Netflix,https://www.youtube.com/watch?v=000053,Mollywood
54,Movie 54,Bengali,Musical,1991,S.S. Rajamouli,"Alia Bhatt, Mohanlal",135,8.9,163422,167.5,Disney+ Hotstar,https://www.youtube.com/watch?v=000054,Others
55,Movie 55,Gujarati,Comedy,2025,Imtiaz Ali,"Aamir Khan, Kareena Kapoor",203,5.4,270568,106.0,Netflix,https://www.youtube.com/watch?v=000055,Others
56,Movie 56,Kannada,Biopic,2009,S.S. Rajamouli,"Aamir Khan, Alia Bhatt",144,9.3,274461,147.1,Zee5,https://www.youtube.com/watch?v=000056,Sandalwood
57,Movie 57,Telugu,Romance,1999,Sanjay Leela Bhansali,"Aamir Khan, Allu Arjun",106,7.2,177030,431.4,Zee5,https://www.youtube.com/watch?v=000057,Tollywood
58,Movie 58,Malayalam,Thriller,1992,Imtiaz Ali,"Yash, Mohanlal",166,7.8,165909,147.4,Amazon Prime,https://www.youtube.com/watch?v=000058,Mollywood
59,Movie 59,Kannada,Comedy,2005,Unknown Director,"Yash, Kareena Kapoor, Alia Bhatt",146,7.0,54055,471.6,Netflix,https://www.youtube.com/watch?v=000059,Sandalwood
60,Movie 60,Marathi,Biopic,2011,Imtiaz Ali,"Shah Rukh Khan, Deepika Padukone",202,7.2,44322,372.3,Netflix,https://www.youtube.com/watch?v=000060,Others
61,Movie 61,Telugu,Drama,2017,Rohit Shetty,"Aamir Khan, Kareena Kapoor",170,6.3,168967,578.8,Theatrical,https://www.youtube.com/watch?v=000061,Tollywood
62,Movie 62,Telugu,Biopic,2010,Sanjay Leela Bhansali,Deepika Padukone,205,9.5,105100,397.9,Zee5,https://www.youtube.com/watch?v=000062,Tollywood
63,Movie 63,Malayalam,Drama,2020,Sanjay Leela Bhansali,Deepika Padukone,160,8.1,226461,31.2,Zee5,https://www.youtube.com/watch?v=000063,Mollywood
64,Movie 64,Bengali,Biopic,1998,Rohit Shetty,"Aamir Khan, Rashmika Mandanna",126,6.5,28728,458.9,Zee5,https://www.youtube.com/watch?v=000064,Others
65,Movie 65,Telugu,Drama,1995,Sanjay Leela Bhansali,Kareena Kapoor,126,8.3,147559,72.0,Theatrical,https://www.youtube.com/watch?v=000065,Tollywood
66,Movie 66,Bengali,Biopic,2000,Sanjay Leela Bhansali,"Alia Bhatt, Mohanlal",184,6.6,121015,261.4,Netflix,https://www.youtube.com/watch?v=000066,Others
67,Movie 67,Gujarati,Drama,2000,S.S. Rajamouli,"Alia Bhatt, Mohanlal",177,5.8,249684,8.5,Disney+ Hotstar,https://www.youtube.com/watch?v=000067,Others
68,Movie 68,Malayalam,Biopic,2020,Sanjay Leela Bhansali,"Mohanlal, Deepika Padukone",145,5.8,234584,435.6,Theatrical,https://www.youtube.com/watch?v=000068,Mollywood
69,Movie 69,Kannada,Romance,2007,Imtiaz Ali,"Aamir Khan, Shah Rukh Khan, Yash",188,6.8,100954,211.3,Zee5,https://www.youtube.com/watch?v=000069,Sandalwood
70,Movie 70,Malayalam,Action,2011,Anurag Kashyap,Aamir Khan,132,7.3,129598,158.1,SonyLIV,https://www.youtube.com/watch?v=000070,Mollywood
71,Movie 71,Malayalam,Horror,2008,Rohit Shetty,Yash,139,6.5,97013,315.5,Zee5,https://www.youtube.com/watch?v=000071,Mollywood
72,Movie 72,Hindi,Horror,2014,Rohit Shetty,"Rashmika Mandanna, Yash, Mohanlal",113,5.1,18475,122.1,Theatrical,https://www.youtube.com/watch?v=000072,Bollywood
73,Movie 73,Bengali,Comedy,1994,Unknown Director,Aamir Khan,203,5.5,202873,525.2,Netflix,https://www.youtube.com/watch?v=000073,Others
74,Movie 74,Marathi,Action,1998,Imtiaz Ali,"Alia Bhatt, Rashmika Mandanna, Kareena Kapoor",123,5.6,242309,428.8,Theatrical,https://www.youtube.com/watch?v=000074,Others
75,Movie 75,Bengali,Drama,2019,Anurag Kashyap,"Ranveer Singh, Mohanlal",148,7.1,45874,185.8,SonyLIV,https://www.youtube.com/watch?v=000075,Others
76,Movie 76,Tamil,Historical,2015,Unknown Director,"Kareena Kapoor, Mohanlal",207,5.9,223779,466.1,Zee5,https://www.youtube.com/watch?v=000076,Kollywood
77,Movie 77,Tamil,Sci-Fi,2018,Unknown Director,"Yash, Mohanlal",105,6.5,147233,85.7,SonyLIV,https://www.youtube.com/watch?v=000077,Kollywood
78,Movie 78,Malayalam,Horror,2025,Imtiaz Ali,Allu Arjun,144,8.3,165299,289.0,SonyLIV,https://www.youtube.com/watch?v=000078,Mollywood
79,Movie 79,Hindi,Biopic,1990,Unknown Director,"Deepika Padukone, Mohanlal, Ranveer Singh",152,7.3,209432,67.1,Zee5,https://www.youtube.com/watch?v=000079,Bollywood
80,Movie 80,Gujarati,Historical,2018,Imtiaz Ali,Shah Rukh Khan,185,6.5,63560,114.0,Theatrical,https://www.youtube.com/watch?v=000080,Others
81,Movie 81,Hindi,Sci-Fi,2017,S.S. Rajamouli,"Ranveer Singh, Kareena Kapoor, Mohanlal",175,6.3,200349,100.0,Amazon Prime,https://www.youtube.com/watch?v=000081,Bollywood
82,Movie 82,Malayalam,Comedy,2002,Anurag Kashyap,Deepika Padukone,152,5.6,203439,501.7,Netflix,https://www.youtube.com/watch?v=000082,Mollywood
83,Movie 83,Telugu,Historical,2021,Rohit Shetty,"Rashmika Mandanna, Allu Arjun, Shah Rukh Khan",149,9.2,193181,115.0,Amazon Prime,https://www.youtube.com/watch?v=000083,Tollywood
84,Movie 84,Marathi,Sci-Fi,1995,S.S. Rajamouli,"Rashmika Mandanna, Allu Arjun",173,7.4,66976,120.7,Amazon Prime,https://www.youtube.com/watch?v=000084,Others
85,Movie 85,Telugu,Musical,2022,Imtiaz Ali,"Yash, Allu Arjun",150,9.4,110216,496.9,Disney+ Hotstar,https://www.youtube.com/watch?v=000085,Tollywood
86,Movie 86,Marathi,Sci-Fi,1998,Sanjay Leela Bhansali,Mohanlal,101,8.3,295073,450.6,SonyLIV,https://www.youtube.com/watch?v=000086,Others
87,Movie 87,Bengali,Historical,2017,Anurag Kashyap,Shah Rukh Khan,111,5.3,259036,347.3,Disney+ Hotstar,https://www.youtube.com/watch?v=000087,Others
88,Movie 88,Gujarati,Comedy,2025,S.S. Rajamouli,"Shah Rukh Khan, Aamir Khan",110,7.1,148490,98.7,Zee5,https://www.youtube.com/watch?v=000088,Others
89,Movie 89,Marathi,Biopic,1999,S.S. Rajamouli,"Ranveer Singh, Aamir Khan, Kareena Kapoor",206,5.1,89751,268.3,Netflix,https://www.youtube.com/watch?v=000089,Others
90,Movie 90,Marathi,Biopic,1999,Anurag Kashyap,Alia Bhatt,135,7.5,114619,280.9,SonyLIV,https://www.youtube.com/watch?v=000090,Others
91,Movie 91,Kannada,Action,2003,Imtiaz Ali,Yash,147,8.5,99331,305.5,Netflix,https://www.youtube.com/watch?v=000091,Sandalwood
92,Movie 92,Gujarati,Action,2004,Imtiaz Ali,"Mohanlal, Yash, Shah Rukh Khan",144,9.0,294851,506.6,Theatrical,https://www.youtube.com/watch?v=000092,Others
93,Movie 93,Kannada,Horror,1995,Imtiaz Ali,"Alia Bhatt, Deepika Padukone, Rashmika Mandanna",132,5.1,202086,143.7,SonyLIV,https://www.youtube.com/watch?v=000093,Sandalwood
94,Movie 94,Hindi,Horror,1996,Unknown Director,Allu Arjun,209,5.3,53670,81.7,Disney+ Hotstar,https://www.youtube.com/watch?v=000094,Bollywood
95,Movie 95,Bengali,Action,1990,Unknown Director,"Alia Bhatt, Ranveer Singh",102,8.9,287333,130.8,Amazon Prime,https://www.youtube.com/watch?v=000095,Others
96,Movie 96,Tamil,Thriller,1997,Rohit Shetty,"Mohanlal, Ranveer Singh",181,6.6,168417,429.5,Theatrical,https://www.youtube.com/watch?v=000096,Kollywood
97,Movie 97,Bengali,Musical,2015,Imtiaz Ali,"Alia Bhatt, Rashmika Mandanna",135,6.0,130281,481.8,SonyLIV,https://www.youtube.com/watch?v=000097,Others
98,Movie 98,Bengali,Horror,1996,S.S. Rajamouli,Aamir Khan,150,9.2,178787,329.6,Netflix,https://www.youtube.com/watch?v=000098,Others
99,Movie 99,Kannada,Sci-Fi,2017,Imtiaz Ali,"Allu Arjun, Rashmika Mandanna",94,5.3,233368,212.1,Netflix,https://www.youtube.com/watch?v=000099,Sandalwood
100,Movie 100,Gujarati,Biopic,1990,Rohit Shetty,Aamir Khan,168,6.3,276944,83.7,Zee5,https://www.youtube.com/watch?v=000100,Others
101,Movie 101,Tamil,Musical,2017,Imtiaz Ali,"Rashmika Mandanna, Alia Bhatt",194,5.1,101986,132.4,Netflix,https://www.youtube.com/watch?v=000101,Kollywood
102,Movie 102,Bengali,Sci-Fi,2014,S.S. Rajamouli,"Kareena Kapoor, Rashmika Mandanna",95,8.8,205160,62.0,SonyLIV,https://www.youtube.com/watch?v=000102,Others
103,Movie 103,Marathi,Musical,2006,Anurag Kashyap,"Ranveer Singh, Yash",98,5.8,205240,539.5,Disney+ Hotstar,https://www.youtube.com/watch?v=000103,Others
104,Movie 104,Kannada,Historical,2021,Sanjay Leela Bhansali,"Deepika Padukone, Kareena Kapoor, Shah Rukh Khan",118,7.4,83332,132.5,SonyLIV,https://www.youtube.com/watch?v=000104,Sandalwood
105,Movie 105,Tamil,Action,2001,Rohit Shetty,Ranveer Singh,94,6.5,98401,296.7,Theatrical,https://www.youtube.com/watch?v=000105,Kollywood
106,Movie 106,Tamil,Horror,2006,Imtiaz Ali,Mohanlal,94,9.4,256363,232.8,Amazon Prime,https://www.youtube.com/watch?v=000106,Kollywood
107,Movie 107,Marathi,Historical,1998,S.S. Rajamouli,Alia Bhatt,187,9.0,54383,431.0,Disney+ Hotstar,https://www.youtube.com/watch?v=000107,Others
108,Movie 108,Tamil,Sci-Fi,2000,Unknown Director,Alia Bhatt,159,8.4,269275,143.7,Netflix,https://www.youtube.com/watch?v=000108,Kollywood
109,Movie 109,Tamil,Horror,2012,Sanjay Leela Bhansali,"Shah Rukh Khan, Yash",191,5.4,91511,422.4,Amazon Prime,https://www.youtube.com/watch?v=000109,Kollywood
110,Movie 110,Malayalam,Comedy,2011,Imtiaz Ali,"Mohanlal, Kareena Kapoor, Allu Arjun",199,5.7,221880,155.3,Zee5,https://www.youtube.com/watch?v=000110,Mollywood
111,Movie 111,Kannada,Comedy,2015,Sanjay Leela Bhansali,"Allu Arjun, Mohanlal, Rashmika Mandanna",119,9.1,220980,500.1,Theatrical,https://www.youtube.com/watch?v=000111,Sandalwood
112,Movie 112,Gujarati,Drama,2017,Imtiaz Ali,"Yash, Alia Bhatt, Shah Rukh Khan",142,6.2,65021,115.3,Zee5,https://www.youtube.com/watch?v=000112,Others
113,Movie 113,Malayalam,Historical,2023,Unknown Director,Aamir Khan,135,8.7,54093,599.0,Zee5,https://www.youtube.com/watch?v=000113,Mollywood
114,Movie 114,Hindi,Biopic,2015,S.S. Rajamouli,"Yash, Alia Bhatt, Ranveer Singh",158,8.4,85063,162.0,Disney+ Hotstar,https://www.youtube.com/watch?v=000114,Bollywood
115,Movie 115,Kannada,Horror,2020,Rohit Shetty,"Deepika Padukone, Alia Bhatt",174,6.0,253547,192.0,Amazon Prime,https://www.youtube.com/watch?v=000115,Sandalwood
116,Movie 116,Kannada,Historical,2022,Imtiaz Ali,"Deepika Padukone, Alia Bhatt, Yash",148,5.8,156018,241.2,Theatrical,https://www.youtube.com/watch?v=000116,Sandalwood
117,Movie 117,Kannada,Romance,1997,Rohit Shetty,"Aamir Khan, Allu Arjun",182,6.7,49985,393.6,Amazon Prime,https://www.youtube.com/watch?v=000117,Sandalwood
118,Movie 118,Malayalam,Romance,2006,Anurag Kashyap,"Yash, Rashmika Mandanna",94,9.2,247937,403.2,Netflix,https://www.youtube.com/watch?v=000118,Mollywood
119,Movie 119,Hindi,Musical,2024,S.S. Rajamouli,"Shah Rukh Khan, Allu Arjun",109,5.7,202746,71.4,Zee5,https://www.youtube.com/watch?v=000119,Bollywood
120,Movie 120,Hindi,Biopic,2010,S.S. Rajamouli,"Alia Bhatt, Ranveer Singh",96,8.3,171645,318.5,Amazon Prime,https://www.youtube.com/watch?v=000120,Bollywood
121,Movie 121,Malayalam,Sci-Fi,2018,S.S. Rajamouli,"Yash, Allu Arjun, Shah Rukh Khan",115,5.3,260066,405.9,Zee5,https://www.youtube.com/watch?v=000121,Mollywood
122,Movie 122,Tamil,Historical,2007,Sanjay Leela Bhansali,Aamir Khan,208,7.0,288212,187.1,Amazon Prime,https://www.youtube.com/watch?v=000122,Kollywood
123,Movie 123,Marathi,Sci-Fi,2011,Unknown Director,"Kareena Kapoor, Deepika Padukone, Shah Rukh Khan",153,7.1,220227,541.0,Netflix,https://www.youtube.com/watch?v=000123,Others
124,Movie 124,Tamil,Historical,1996,Sanjay Leela Bhansali,"Deepika Padukone, Yash",139,7.1,299660,448.6,Disney+ Hotstar,https://www.youtube.com/watch?v=000124,Kollywood
125,Movie 125,Telugu,Thriller,2002,Imtiaz Ali,Yash,168,8.5,106246,298.6,Amazon Prime,https://www.youtube.com/watch?v=000125,Tollywood
126,Movie 126,Kannada,Action,2002,Rohit Shetty,Mohanlal,191,7.1,100142,493.8,Amazon Prime,https://www.youtube.com/watch?v=000126,Sandalwood
127,Movie 127,Marathi,Horror,2014,Unknown Director,"Alia Bhatt, Yash, Aamir Khan",114,6.7,222077,308.1,Zee5,https://www.youtube.com/watch?v=000127,Others
128,Movie 128,Bengali,Horror,1991,Sanjay Leela Bhansali,"Alia Bhatt, Rashmika Mandanna",104,6.2,4548,490.6,Netflix,https://www.youtube.com/watch?v=000128,Others
129,Movie 129,Bengali,Comedy,2008,Unknown Director,"Yash, Deepika Padukone, Mohanlal",129,8.5,49379,191.6,Zee5,https://www.youtube.com/watch?v=000129,Others
130,Movie 130,Kannada,Musical,2020,Unknown Director,"Ranveer Singh, Deepika Padukone, Kareena Kapoor",189,6.1,115126,125.8,SonyLIV,https://www.youtube.com/watch?v=000130,Sandalwood
131,Movie 131,Gujarati,Comedy,2021,Sanjay Leela Bhansali,"Deepika Padukone, Yash",109,9.2,9986,255.6,Zee5,https://www.youtube.com/watch?v=000131,Others
132,Movie 132,Tamil,Comedy,2014,Rohit Shetty,"Aamir Khan, Ranveer Singh",149,5.7,265479,498.7,Disney+ Hotstar,https://www.youtube.com/watch?v=000132,Kollywood
133,Movie 133,Gujarati,Thriller,1992,Imtiaz Ali,"Yash, Mohanlal",139,8.6,108229,484.6,Amazon Prime,https://www.youtube.com/watch?v=000133,Others
134,Movie 134,Malayalam,Historical,2018,Rohit Shetty,Aamir Khan,170,5.8,196863,174.0,Netflix,https://www.youtube.com/watch?v=000134,Mollywood
135,Movie 135,Malayalam,Historical,2015,Unknown Director,"Kareena Kapoor, Yash, Mohanlal",195,6.1,105360,485.9,Amazon Prime,https://www.youtube.com/watch?v=000135,Mollywood
136,Movie 136,Malayalam,Horror,2008,Imtiaz Ali,Ranveer Singh,120,6.4,288167,194.8,Theatrical,https://www.youtube.com/watch?v=000136,Mollywood
137,Movie 137,Tamil,Drama,1995,Rohit Shetty,Mohanlal,146,7.4,17029,282.1,Theatrical,https://www.youtube.com/watch?v=000137,Kollywood
138,Movie 138,Malayalam,Thriller,2015,Rohit Shetty,"Shah Rukh Khan, Allu Arjun, Mohanlal",164,5.2,274954,570.3,SonyLIV,https://www.youtube.com/watch?v=000138,Mollywood
139,Movie 139,Telugu,Romance,2015,Anurag Kashyap,"Allu Arjun, Shah Rukh Khan",174,6.2,5921,308.4,Netflix,https://www.youtube.com/watch?v=000139,Tollywood
140,Movie 140,Bengali,Romance,1995,Sanjay Leela Bhansali,"Kareena Kapoor, Rashmika Mandanna, Yash",158,7.5,73036,144.8,Zee5,https://www.youtube.com/watch?v=000140,Others
141,Movie 141,Bengali,Sci-Fi,1996,S.S. Rajamouli,Alia Bhatt,124,8.8,263805,296.2,Amazon Prime,https://www.youtube.com/watch?v=000141,Others
142,Movie 142,Bengali,Historical,2023,Unknown Director,"Yash, Mohanlal, Rashmika Mandanna",203,6.4,233124,12.1,SonyLIV,https://www.youtube.com/watch?v=000142,Others
143,Movie 143,Hindi,Thriller,2018,Unknown Director,Kareena Kapoor,117,8.5,263900,145.9,Zee5,https://www.youtube.com/watch?v=000143,Bollywood
144,Movie 144,Tamil,Romance,1996,Anurag Kashyap,"Deepika Padukone, Shah Rukh Khan",140,5.6,145979,132.5,Disney+ Hotstar,https://www.youtube.com/watch?v=000144,Kollywood
145,Movie 145,Telugu,Musical,2016,Anurag Kashyap,"Allu Arjun, Aamir Khan, Rashmika Mandanna",121,5.6,57548,216.4,Disney+ Hotstar,https://www.youtube.com/watch?v=000145,Tollywood
146,Movie 146,Kannada,Drama,1990,Anurag Kashyap,"Ranveer Singh, Aamir Khan, Shah Rukh Khan",203,7.2,255021,502.1,Theatrical,https://www.youtube.com/watch?v=000146,Sandalwood
147,Movie 147,Tamil,Musical,2023,Imtiaz Ali,Deepika Padukone,101,7.2,77193,414.9,SonyLIV,https://www.youtube.com/watch?v=000147,Kollywood
148,Movie 148,Gujarati,Sci-Fi,2007,S.S. Rajamouli,Kareena Kapoor,140,8.6,245478,500.1,SonyLIV,https://www.youtube.com/watch?v=000148,Others
149,Movie 149,Gujarati,Musical,2021,Anurag Kashyap,"Deepika Padukone, Kareena Kapoor",133,6.5,170732,343.6,Netflix,https://www.youtube.com/watch?v=000149,Others
150,Movie 150,Bengali,Action,2022,Rohit Shetty,"Shah Rukh Khan, Alia Bhatt, Kareena Kapoor",134,6.0,44702,237.0,Theatrical,https://www.youtube.com/watch?v=000150,Others
151,Movie 151,Bengali,Comedy,1993,S.S. Rajamouli,"Rashmika Mandanna, Kareena Kapoor, Allu Arjun",106,8.8,278672,363.3,Disney+ Hotstar,https://www.youtube.com/watch?v=000151,Others
152,Movie 152,Telugu,Action,2019,S.S. Rajamouli,"Rashmika Mandanna, Mohanlal, Yash",189,9.2,76876,22.5,Netflix,https://www.youtube.com/watch?v=000152,Tollywood
153,Movie 153,Kannada,Action,1996,Sanjay Leela Bhansali,Rashmika Mandanna,177,6.7,226559,138.9,Theatrical,https://www.youtube.com/watch?v=000153,Sandalwood
154,Movie 154,Kannada,Comedy,2001,Unknown Director,Deepika Padukone,142,7.9,254601,53.2,Zee5,https://www.youtube.com/watch?v=000154,Sandalwood
155,Movie 155,Gujarati,Historical,1995,S.S. Rajamouli,Yash,193,6.7,168595,539.9,SonyLIV,https://www.youtube.com/watch?v=000155,Others
156,Movie 156,Marathi,Historical,2022,Rohit Shetty,Kareena Kapoor,174,8.4,223769,457.8,Amazon Prime,https://www.youtube.com/watch?v=000156,Others
157,Movie 157,Bengali,Romance,2025,Sanjay Leela Bhansali,"Alia Bhatt, Ranveer Singh, Mohanlal",203,5.5,117724,543.3,Disney+ Hotstar,https://www.youtube.com/watch?v=000157,Others
158,Movie 158,Bengali,Drama,2022,Anurag Kashyap,Allu Arjun,166,5.3,19424,445.1,Disney+ Hotstar,https://www.youtube.com/watch?v=000158,Others
159,Movie 159,Kannada,Comedy,2025,Anurag Kashyap,"Allu Arjun, Deepika Padukone",189,6.4,208211,184.2,Amazon Prime,https://www.youtube.com/watch?v=000159,Sandalwood
160,Movie 160,Hindi,Thriller,2000,Imtiaz Ali,"Deepika Padukone, Allu Arjun, Ranveer Singh",120,6.8,55626,360.1,Amazon Prime,https://www.youtube.com/watch?v=000160,Bollywood
161,Movie 161,Hindi,Action,1998,Sanjay Leela Bhansali,Ranveer Singh,93,9.1,156111,150.4,Amazon Prime,https://www.youtube.com/watch?v=000161,Bollywood
162,Movie 162,Telugu,Action,1998,S.S. Rajamouli,"Deepika Padukone, Rashmika Mandanna",154,5.6,42943,581.3,Disney+ Hotstar,https://www.youtube.com/watch?v=000162,Tollywood
163,Movie 163,Tamil,Musical,2005,Unknown Director,"Ranveer Singh, Aamir Khan",204,6.9,207135,199.5,Zee5,https://www.youtube.com/watch?v=000163,Kollywood
164,Movie 164,Malayalam,Historical,1994,S.S. Rajamouli,"Yash, Shah Rukh Khan",126,8.8,86725,555.6,SonyLIV,https://www.youtube.com/watch?v=000164,Mollywood
165,Movie 165,Kannada,Action,2021,Rohit Shetty,Yash,166,6.9,43152,285.5,Theatrical,https://www.youtube.com/watch?v=000165,Sandalwood
166,Movie 166,Hindi,Action,2005,S.S. Rajamouli,Shah Rukh Khan,99,6.3,128378,116.4,SonyLIV,https://www.youtube.com/watch?v=000166,Bollywood
167,Movie 167,Hindi,Comedy,2005,S.S. Rajamouli,"Kareena Kapoor, Ranveer Singh, Alia Bhatt",164,7.5,84543,214.2,SonyLIV,https://www.youtube.com/watch?v=000167,Bollywood
168,Movie 168,Bengali,Musical,2012,Unknown Director,"Deepika Padukone, Shah Rukh Khan, Ranveer Singh",196,6.3,285528,498.0,Disney+ Hotstar,https://www.youtube.com/watch?v=000168,Others
169,Movie 169,Bengali,Drama,2019,Unknown Director,"Mohanlal, Aamir Khan",99,7.7,193201,505.2,Amazon Prime,https://www.youtube.com/watch?v=000169,Others
170,Movie 170,Kannada,Biopic,2021,Anurag Kashyap,"Deepika Padukone, Yash, Aamir Khan",124,5.1,88400,327.5,Theatrical,https://www.youtube.com/watch?v=000170,Sandalwood
171,Movie 171,Hindi,Romance,2012,Sanjay Leela Bhansali,"Kareena Kapoor, Yash",90,8.3,64163,411.5,Zee5,https://www.youtube.com/watch?v=000171,Bollywood
172,Movie 172,Bengali,Historical,2001,Imtiaz Ali,"Yash, Allu Arjun",208,5.9,94484,42.0,Theatrical,https://www.youtube.com/watch?v=000172,Others
173,Movie 173,Telugu,Romance,2017,Rohit Shetty,"Aamir Khan, Deepika Padukone, Shah Rukh Khan",186,8.7,99705,25.4,Theatrical,https://www.youtube.com/watch?v=000173,Tollywood
174,Movie 174,Marathi,Sci-Fi,2018,Sanjay Leela Bhansali,"Shah Rukh Khan, Mohanlal, Rashmika Mandanna",147,6.3,23040,593.4,SonyLIV,https://www.youtube.com/watch?v=000174,Others
175,Movie 175,Hindi,Comedy,2020,Sanjay Leela Bhansali,"Kareena Kapoor, Allu Arjun, Yash",115,8.2,223913,369.8,SonyLIV,https://www.youtube.com/watch?v=000175,Bollywood
176,Movie 176,Malayalam,Drama,2010,Unknown Director,"Yash, Allu Arjun, Alia Bhatt",143,5.5,285802,155.9,Amazon Prime,https://www.youtube.com/watch?v=000176,Mollywood
177,Movie 177,Malayalam,Action,2011,Rohit Shetty,Rashmika Mandanna,174,6.8,3510,213.5,Theatrical,https://www.youtube.com/watch?v=000177,Mollywood
178,Movie 178,Telugu,Drama,2025,Unknown Director,Rashmika Mandanna,181,5.1,55065,387.3,Theatrical,https://www.youtube.com/watch?v=000178,Tollywood
179,Movie 179,Tamil,Thriller,2022,Imtiaz Ali,"Mohanlal, Allu Arjun",149,5.8,249843,519.2,Theatrical,https://www.youtube.com/watch?v=000179,Kollywood
180,Movie 180,Hindi,Thriller,2021,Unknown Director,Ranveer Singh,130,7.3,242969,172.1,Disney+ Hotstar,https://www.youtube.com/watch?v=000180,Bollywood
181,Movie 181,Malayalam,Horror,2006,Sanjay Leela Bhansali,Kareena Kapoor,142,5.2,132752,340.4,Zee5,https://www.youtube.com/watch?v=000181,Mollywood
182,Movie 182,Gujarati,Action,2007,Imtiaz Ali,Rashmika Mandanna,105,8.5,278339,301.3,SonyLIV,https://www.youtube.com/watch?v=000182,Others
183,Movie 183,Hindi,Sci-Fi,1997,S.S. Rajamouli,"Deepika Padukone, Yash, Ranveer Singh",189,5.0,283343,361.2,Theatrical,https://www.youtube.com/watch?v=000183,Bollywood
184,Movie 184,Kannada,Horror,2009,Imtiaz Ali,"Alia Bhatt, Shah Rukh Khan",152,5.7,203474,334.5,Theatrical,https://www.youtube.com/watch?v=000184,Sandalwood
185,Movie 185,Gujarati,Historical,2000,Imtiaz Ali,"Mohanlal, Shah Rukh Khan, Allu Arjun",126,8.0,30669,536.6,Amazon Prime,https://www.youtube.com/watch?v=000185,Others
186,Movie 186,Marathi,Action,2004,Anurag Kashyap,"Shah Rukh Khan, Aamir Khan, Mohanlal",90,7.8,31157,68.0,Amazon Prime,https://www.youtube.com/watch?v=000186,Others
187,Movie 187,Kannada,Romance,2018,S.S. Rajamouli,Deepika Padukone,119,7.2,214436,314.3,SonyLIV,https://www.youtube.com/watch?v=000187,Sandalwood
188,Movie 188,Hindi,Comedy,2022,Sanjay Leela Bhansali,"Allu Arjun, Rashmika Mandanna",122,8.5,208067,298.7,Theatrical,https://www.youtube.com/watch?v=000188,Bollywood
189,Movie 189,Kannada,Musical,1998,S.S. Rajamouli,"Alia Bhatt, Shah Rukh Khan, Aamir Khan",153,5.2,293801,369.2,Theatrical,https://www.youtube.com/watch?v=000189,Sandalwood
190,Movie 190,Telugu,Thriller,2006,Anurag Kashyap,"Aamir Khan, Mohanlal, Allu Arjun",157,6.6,217906,74.0,Theatrical,https://www.youtube.com/watch?v=000190,Tollywood
191,Movie 191,Hindi,Historical,1999,S.S. Rajamouli,"Rashmika Mandanna, Yash",120,6.8,61622,144.4,Netflix,https://www.youtube.com/watch?v=000191,Bollywood
192,Movie 192,Hindi,Thriller,2025,Imtiaz Ali,Shah Rukh Khan,154,7.5,35106,357.0,Theatrical,https://www.youtube.com/watch?v=000192,Bollywood
193,Movie 193,Bengali,Thriller,2015,Rohit Shetty,"Ranveer Singh, Rashmika Mandanna",205,6.9,284383,389.4,Theatrical,https://www.youtube.com/watch?v=000193,Others
194,Movie 194,Telugu,Action,2012,Sanjay Leela Bhansali,Ranveer Singh,181,7.5,249759,141.2,Zee5,https://www.youtube.com/watch?v=000194,Tollywood
195,Movie 195,Telugu,Drama,2020,Sanjay Leela Bhansali,Shah Rukh Khan,113,7.9,21711,463.8,Netflix,https://www.youtube.com/watch?v=000195,Tollywood
196,Movie 196,Telugu,Musical,2015,S.S. Rajamouli,"Shah Rukh Khan, Aamir Khan, Ranveer Singh",125,7.5,210372,121.9,Netflix,https://www.youtube.com/watch?v=000196,Tollywood
197,Movie 197,Gujarati,Thriller,2023,S.S. Rajamouli,"Alia Bhatt, Shah Rukh Khan",120,7.6,206968,153.0,Amazon Prime,https://www.youtube.com/watch?v=000197,Others
198,Movie 198,Malayalam,Comedy,2014,S.S. Rajamouli,"Yash, Ranveer Singh",198,8.2,56760,592.3,SonyLIV,https://www.youtube.com/watch?v=000198,Mollywood
199,Movie 199,Kannada,Horror,1991,S.S. Rajamouli,Deepika Padukone,147,7.8,92868,538.6,Zee5,https://www.youtube.com/watch?v=000199,Sandalwood
200,Movie 200,Gujarati,Romance,2018,Unknown Director,"Ranveer Singh, Allu Arjun",120,8.2,152475,415.4,Netflix,https://www.youtube.com/watch?v=000200,Others
201,Movie 201,Tamil,Historical,2013,Sanjay Leela Bhansali,"Aamir Khan, Ranveer Singh, Kareena Kapoor",182,5.3,230785,571.2,Netflix,https://www.youtube.com/watch?v=000201,Kollywood
202,Movie 202,Malayalam,Thriller,2014,Rohit Shetty,"Kareena Kapoor, Ranveer Singh, Yash",173,5.2,172615,311.4,SonyLIV,https://www.youtube.com/watch?v=000202,Mollywood
203,Movie 203,Telugu,Musical,1994,Unknown Director,"Deepika Padukone, Alia Bhatt, Mohanlal",97,8.5,152708,566.5,Disney+ Hotstar,https://www.youtube.com/watch?v=000203,Tollywood
204,Movie 204,Malayalam,Drama,1995,S.S. Rajamouli,"Yash, Shah Rukh Khan, Ranveer Singh",132,5.7,143932,309.9,Amazon Prime,https://www.youtube.com/watch?v=000204,Mollywood
205,Movie 205,Bengali,Biopic,1995,Unknown Director,"Alia Bhatt, Aamir Khan, Shah Rukh Khan",112,7.2,248076,76.5,Netflix,https://www.youtube.com/watch?v=000205,Others
206,Movie 206,Bengali,Historical,2018,Anurag Kashyap,"Kareena Kapoor, Rashmika Mandanna",156,8.2,179518,151.1,Zee5,https://www.youtube.com/watch?v=000206,Others
207,Movie 207,Tamil,Sci-Fi,2018,Imtiaz Ali,"Rashmika Mandanna, Deepika Padukone",187,7.0,283823,294.1,SonyLIV,https://www.youtube.com/watch?v=000207,Kollywood
208,Movie 208,Malayalam,Sci-Fi,1992,Sanjay Leela Bhansali,Rashmika Mandanna,139,9.0,9989,343.1,Zee5,https://www.youtube.com/watch?v=000208,Mollywood
209,Movie 209,Malayalam,Drama,2021,Sanjay Leela Bhansali,"Deepika Padukone, Rashmika Mandanna",157,5.1,133801,598.5,Zee5,https://www.youtube.com/watch?v=000209,Mollywood
210,Movie 210,Hindi,Thriller,2008,Rohit Shetty,"Ranveer Singh, Kareena Kapoor",204,6.3,99689,227.8,Netflix,https://www.youtube.com/watch?v=000210,Bollywood
211,Movie 211,Marathi,Historical,2024,Imtiaz Ali,"Ranveer Singh, Shah Rukh Khan",93,7.8,210896,224.4,Zee5,https://www.youtube.com/watch?v=000211,Others
212,Movie 212,Bengali,Horror,1998,Sanjay Leela Bhansali,Ranveer Singh,208,9.3,256240,292.9,Amazon Prime,https://www.youtube.com/watch?v=000212,Others
213,Movie 213,Hindi,Action,2005,Sanjay Leela Bhansali,Yash,144,6.4,11581,359.0,Zee5,https://www.youtube.com/watch?v=000213,Bollywood
214,Movie 214,Telugu,Romance,1995,Unknown Director,"Ranveer Singh, Kareena Kapoor",145,5.6,261396,165.4,Theatrical,https://www.youtube.com/watch?v=000214,Tollywood
215,Movie 215,Telugu,Drama,2023,S.S. Rajamouli,"Yash, Kareena Kapoor, Alia Bhatt",202,8.6,123470,52.4,Zee5,https://www.youtube.com/watch?v=000215,Tollywood
216,Movie 216,Malayalam,Musical,1996,S.S. Rajamouli,"Alia Bhatt, Shah Rukh Khan",197,5.4,225364,299.0,SonyLIV,https://www.youtube.com/watch?v=000216,Mollywood
217,Movie 217,Tamil,Sci-Fi,2011,S.S. Rajamouli,Allu Arjun,97,8.0,174860,201.7,Amazon Prime,https://www.youtube.com/watch?v=000217,Kollywood
218,Movie 218,Tamil,Horror,1994,Anurag Kashyap,Mohanlal,103,7.7,110598,149.8,Zee5,https://www.youtube.com/watch?v=000218,Kollywood
219,Movie 219,Bengali,Historical,1995,Sanjay Leela Bhansali,"Kareena Kapoor, Allu Arjun",161,7.2,15842,580.0,SonyLIV,https://www.youtube.com/watch?v=000219,Others
220,Movie 220,Tamil,Musical,2001,S.S. Rajamouli,Rashmika Mandanna,130,8.4,35122,259.4,SonyLIV,https://www.youtube.com/watch?v=000220,Kollywood
221,Movie 221,Bengali,Musical,2016,Rohit Shetty,Rashmika Mandanna,156,8.1,150866,176.3,Amazon Prime,https://www.youtube.com/watch?v=000221,Others
222,Movie 222,Malayalam,Musical,1994,Sanjay Leela Bhansali,"Kareena Kapoor, Mohanlal, Alia Bhatt",185,5.8,23584,260.2,Zee5,https://www.youtube.com/watch?v=000222,Mollywood
223,Movie 223,Telugu,Drama,1994,Unknown Director,Rashmika Mandanna,129,8.9,232320,318.1,SonyLIV,https://www.youtube.com/watch?v=000223,Tollywood
224,Movie 224,Marathi,Drama,1996,S.S. Rajamouli,"Mohanlal, Shah Rukh Khan, Deepika Padukone",176,8.4,190976,597.9,Netflix,https://www.youtube.com/watch?v=000224,Others
225,Movie 225,Tamil,Drama,1996,Rohit Shetty,Deepika Padukone,122,6.7,82821,46.5,Amazon Prime,https://www.youtube.com/watch?v=000225,Kollywood
226,Movie 226,Kannada,Thriller,1995,Imtiaz Ali,"Mohanlal, Deepika Padukone",158,7.8,135679,473.6,Disney+ Hotstar,https://www.youtube.com/watch?v=000226,Sandalwood
227,Movie 227,Bengali,Comedy,2014,Imtiaz Ali,"Aamir Khan, Ranveer Singh",179,8.6,227344,336.9,Zee5,https://www.youtube.com/watch?v=000227,Others
228,Movie 228,Telugu,Sci-Fi,2008,Rohit Shetty,"Alia Bhatt, Shah Rukh Khan",117,9.5,203667,11.5,Amazon Prime,https://www.youtube.com/watch?v=000228,Tollywood
229,Movie 229,Marathi,Action,2006,Imtiaz Ali,"Mohanlal, Kareena Kapoor",197,6.1,61764,397.7,Disney+ Hotstar,https://www.youtube.com/watch?v=000229,Others
230,Movie 230,Telugu,Biopic,1996,Sanjay Leela Bhansali,"Allu Arjun, Alia Bhatt, Shah Rukh Khan",131,7.6,15412,89.7,SonyLIV,https://www.youtube.com/watch?v=000230,Tollywood
231,Movie 231,Hindi,Action,1994,Unknown Director,"Yash, Kareena Kapoor",189,6.8,205826,412.4,Disney+ Hotstar,https://www.youtube.com/watch?v=000231,Bollywood
232,Movie 232,Tamil,Drama,2001,Sanjay Leela Bhansali,Shah Rukh Khan,161,5.2,170371,483.4,Zee5,https://www.youtube.com/watch?v=000232,Kollywood
233,Movie 233,Hindi,Action,2014,S.S. Rajamouli,"Allu Arjun, Alia Bhatt",195,5.4,39341,485.8,Disney+ Hotstar,https://www.youtube.com/watch?v=000233,Bollywood
234,Movie 234,Kannada,Comedy,1998,Anurag Kashyap,Deepika Padukone,129,7.9,84599,464.6,Netflix,https://www.youtube.com/watch?v=000234,Sandalwood
235,Movie 235,Bengali,Sci-Fi,1991,Imtiaz Ali,Yash,157,6.8,18551,467.6,Amazon Prime,https://www.youtube.com/watch?v=000235,Others
236,Movie 236,Malayalam,Romance,2011,Imtiaz Ali,Rashmika Mandanna,174,7.6,204006,498.9,Netflix,https://www.youtube.com/watch?v=000236,Mollywood
237,Movie 237,Gujarati,Horror,2001,Imtiaz Ali,"Mohanlal, Deepika Padukone, Rashmika Mandanna",91,7.0,237910,326.5,Amazon Prime,https://www.youtube.com/watch?v=000237,Others
238,Movie 238,Bengali,Thriller,1997,Sanjay Leela Bhansali,"Shah Rukh Khan, Kareena Kapoor, Alia Bhatt",210,7.7,15697,417.0,Disney+ Hotstar,https://www.youtube.com/watch?v=000238,Others
239,Movie 239,Hindi,Historical,2013,Unknown Director,"Yash, Deepika Padukone",118,5.1,17892,75.5,Netflix,https://www.youtube.com/watch?v=000239,Bollywood
240,Movie 240,Bengali,Action,2023,Unknown Director,"Alia Bhatt, Rashmika Mandanna, Kareena Kapoor",132,7.2,25606,31.1,Netflix,https://www.youtube.com/watch?v=000240,Others
241,Movie 241,Kannada,Thriller,2002,Sanjay Leela Bhansali,Allu Arjun,205,8.1,76156,165.1,Disney+ Hotstar,https://www.youtube.com/watch?v=000241,Sandalwood
242,Movie 242,Malayalam,Drama,2008,Rohit Shetty,Rashmika Mandanna,159,9.1,60105,351.3,SonyLIV,https://www.youtube.com/watch?v=000242,Mollywood
243,Movie 243,Bengali,Biopic,2020,Unknown Director,"Deepika Padukone, Shah Rukh Khan",132,6.3,176610,258.3,Netflix,https://www.youtube.com/watch?v=000243,Others
244,Movie 244,Marathi,Drama,2001,Unknown Director,Alia Bhatt,146,5.5,2670,179.6,SonyLIV,https://www.youtube.com/watch?v=000244,Others
245,Movie 245,Bengali,Drama,2002,Unknown Director,"Deepika Padukone, Kareena Kapoor, Ranveer Singh",106,7.3,203082,594.3,Disney+ Hotstar,https://www.youtube.com/watch?v=000245,Others
246,Movie 246,Gujarati,Thriller,1995,Unknown Director,Mohanlal,157,5.1,216311,530.2,Netflix,https://www.youtube.com/watch?v=000246,Others
247,Movie 247,Malayalam,Historical,2009,Unknown Director,Kareena Kapoor,116,5.2,54346,475.5,SonyLIV,https://www.youtube.com/watch?v=000247,Mollywood
248,Movie 248,Marathi,Horror,2017,Anurag Kashyap,"Rashmika Mandanna, Yash, Deepika Padukone",113,6.7,46041,488.2,Amazon Prime,https://www.youtube.com/watch?v=000248,Others
249,Movie 249,Tamil,Horror,2002,S.S. Rajamouli,"Allu Arjun, Aamir Khan, Mohanlal",178,8.1,34492,175.3,Zee5,https://www.youtube.com/watch?v=000249,Kollywood
250,Movie 250,Malayalam,Comedy,2025,Imtiaz Ali,"Allu Arjun, Deepika Padukone",127,8.7,259634,167.9,Zee5,https://www.youtube.com/watch?v=000250,Mollywood
251,Movie 251,Kannada,Horror,2003,Anurag Kashyap,"Rashmika Mandanna, Alia Bhatt, Kareena Kapoor",202,9.1,176767,309.5,Theatrical,https://www.youtube.com/watch?v=000251,Sandalwood
252,Movie 252,Hindi,Biopic,2015,Unknown Director,"Kareena Kapoor, Aamir Khan",159,7.7,106651,115.2,Zee5,https://www.youtube.com/watch?v=000252,Bollywood
253,Movie 253,Kannada,Comedy,2007,Rohit Shetty,"Mohanlal, Kareena Kapoor, Ranveer Singh",97,9.2,83487,491.0,Disney+ Hotstar,https://www.youtube.com/watch?v=000253,Sandalwood
254,Movie 254,Marathi,Thriller,1993,Anurag Kashyap,"Alia Bhatt, Shah Rukh Khan",130,9.5,245999,386.2,Amazon Prime,https://www.youtube.com/watch?v=000254,Others
255,Movie 255,Gujarati,Historical,1997,Sanjay Leela Bhansali,"Deepika Padukone, Aamir Khan, Rashmika Mandanna",115,7.7,227934,548.7,Zee5,https://www.youtube.com/watch?v=000255,Others
256,Movie 256,Kannada,Historical,1995,Imtiaz Ali,"Mohanlal, Shah Rukh Khan, Kareena Kapoor",98,6.7,282310,335.5,Disney+ Hotstar,https://www.youtube.com/watch?v=000256,Sandalwood
257,Movie 257,Gujarati,Action,2010,Unknown Director,"Allu Arjun, Mohanlal",135,8.3,115363,402.0,Theatrical,https://www.youtube.com/watch?v=000257,Others
258,Movie 258,Gujarati,Drama,1993,Imtiaz Ali,"Aamir Khan, Shah Rukh Khan, Alia Bhatt",107,9.3,235886,188.0,Amazon Prime,https://www.youtube.com/watch?v=000258,Others
259,Movie 259,Telugu,Romance,1999,S.S. Rajamouli,"Alia Bhatt, Yash, Ranveer Singh",113,6.7,192202,133.3,SonyLIV,https://www.youtube.com/watch?v=000259,Tollywood
260,Movie 260,Telugu,Romance,1994,Imtiaz Ali,"Allu Arjun, Ranveer Singh",169,9.5,70771,101.1,Theatrical,https://www.youtube.com/watch?v=000260,Tollywood
261,Movie 261,Marathi,Thriller,1996,Unknown Director,"Rashmika Mandanna, Allu Arjun",177,5.5,120510,18.6,Disney+ Hotstar,https://www.youtube.com/watch?v=000261,Others
262,Movie 262,Telugu,Biopic,2010,Anurag Kashyap,Rashmika Mandanna,98,6.8,153398,526.6,Netflix,https://www.youtube.com/watch?v=000262,Tollywood
263,Movie 263,Gujarati,Musical,2021,S.S. Rajamouli,"Mohanlal, Allu Arjun",119,7.1,185881,177.5,Amazon Prime,https://www.youtube.com/watch?v=000263,Others
264,Movie 264,Hindi,Sci-Fi,2006,Unknown Director,Allu Arjun,205,7.4,240074,463.7,Netflix,https://www.youtube.com/watch?v=000264,Bollywood
265,Movie 265,Telugu,Romance,2014,Rohit Shetty,"Yash, Deepika Padukone",128,7.0,37706,566.4,Disney+ Hotstar,https://www.youtube.com/watch?v=000265,Tollywood
266,Movie 266,Kannada,Action,2003,Rohit Shetty,"Mohanlal, Yash, Shah Rukh Khan",108,5.8,124680,375.7,Disney+ Hotstar,https://www.youtube.com/watch?v=000266,Sandalwood
267,Movie 267,Telugu,Horror,1995,Imtiaz Ali,Mohanlal,133,6.8,78803,595.8,Netflix,https://www.youtube.com/watch?v=000267,Tollywood
268,Movie 268,Kannada,Sci-Fi,1993,Imtiaz Ali,Ranveer Singh,146,7.2,239122,300.3,Netflix,https://www.youtube.com/watch?v=000268,Sandalwood
269,Movie 269,Kannada,Biopic,1992,Rohit Shetty,"Yash, Ranveer Singh, Kareena Kapoor",183,9.0,135157,487.6,Theatrical,https://www.youtube.com/watch?v=000269,Sandalwood
270,Movie 270,Tamil,Romance,2013,Imtiaz Ali,Ranveer Singh,183,7.4,228703,558.1,SonyLIV,https://www.youtube.com/watch?v=000270,Kollywood
271,Movie 271,Bengali,Biopic,2019,Unknown Director,Deepika Padukone,180,5.2,19059,109.1,Theatrical,https://www.youtube.com/watch?v=000271,Others
272,Movie 272,Telugu,Comedy,1993,Anurag Kashyap,"Aamir Khan, Shah Rukh Khan, Rashmika Mandanna",181,6.4,222808,150.8,Netflix,https://www.youtube.com/watch?v=000272,Tollywood
273,Movie 273,Gujarati,Horror,2023,Anurag Kashyap,"Yash, Deepika Padukone",133,5.7,111825,467.9,Zee5,https://www.youtube.com/watch?v=000273,Others
274,Movie 274,Malayalam,Horror,2023,Unknown Director,"Aamir Khan, Deepika Padukone, Ranveer Singh",141,9.0,89948,169.8,SonyLIV,https://www.youtube.com/watch?v=000274,Mollywood
275,Movie 275,Marathi,Musical,2002,Sanjay Leela Bhansali,Ranveer Singh,121,8.8,107115,217.9,Netflix,https://www.youtube.com/watch?v=000275,Others
276,Movie 276,Bengali,Sci-Fi,2019,Unknown Director,Kareena Kapoor,97,6.0,257529,223.9,Zee5,https://www.youtube.com/watch?v=000276,Others
277,Movie 277,Malayalam,Romance,2009,Imtiaz Ali,"Alia Bhatt, Shah Rukh Khan",180,9.0,60969,509.7,Amazon Prime,https://www.youtube.com/watch?v=000277,Mollywood
278,Movie 278,Malayalam,Drama,1994,Unknown Director,Ranveer Singh,130,7.5,125674,158.7,Zee5,https://www.youtube.com/watch?v=000278,Mollywood
279,Movie 279,Malayalam,Drama,1995,Sanjay Leela Bhansali,"Shah Rukh Khan, Rashmika Mandanna",135,8.9,294205,411.0,Theatrical,https://www.youtube.com/watch?v=000279,Mollywood
280,Movie 280,Telugu,Historical,2005,S.S. Rajamouli,"Mohanlal, Shah Rukh Khan",99,5.6,254813,435.6,Theatrical,https://www.youtube.com/watch?v=000280,Tollywood
281,Movie 281,Bengali,Horror,2013,S.S. Rajamouli,"Deepika Padukone, Aamir Khan",148,7.8,54929,321.5,Disney+ Hotstar,https://www.youtube.com/watch?v=000281,Others
282,Movie 282,Malayalam,Horror,2010,Imtiaz Ali,"Aamir Khan, Ranveer Singh, Yash",192,8.1,83399,61.8,Zee5,https://www.youtube.com/watch?v=000282,Mollywood
283,Movie 283,Hindi,Musical,1990,Imtiaz Ali,"Kareena Kapoor, Deepika Padukone, Shah Rukh Khan",165,5.1,195840,280.2,Amazon Prime,https://www.youtube.com/watch?v=000283,Bollywood
284,Movie 284,Hindi,Drama,2019,Imtiaz Ali,"Ranveer Singh, Yash, Rashmika Mandanna",175,8.7,182141,298.2,Theatrical,https://www.youtube.com/watch?v=000284,Bollywood
285,Movie 285,Hindi,Thriller,2006,Imtiaz Ali,Allu Arjun,146,8.5,184206,447.1,Disney+ Hotstar,https://www.youtube.com/watch?v=000285,Bollywood
286,Movie 286,Kannada,Biopic,1990,S.S. Rajamouli,Shah Rukh Khan,101,8.7,289550,598.3,Zee5,https://www.youtube.com/watch?v=000286,Sandalwood
287,Movie 287,Telugu,Historical,2010,Rohit Shetty,"Deepika Padukone, Kareena Kapoor",147,6.7,38370,129.6,Disney+ Hotstar,https://www.youtube.com/watch?v=000287,Tollywood
288,Movie 288,Hindi,Musical,2008,Sanjay Leela Bhansali,"Shah Rukh Khan, Alia Bhatt",158,6.0,49697,216.6,SonyLIV,https://www.youtube.com/watch?v=000288,Bollywood
289,Movie 289,Gujarati,Romance,2011,Imtiaz Ali,"Allu Arjun, Rashmika Mandanna, Mohanlal",126,8.3,220442,455.4,Disney+ Hotstar,https://www.youtube.com/watch?v=000289,Others
290,Movie 290,Marathi,Drama,2006,Rohit Shetty,Allu Arjun,171,7.4,229519,527.8,SonyLIV,https://www.youtube.com/watch?v=000290,Others
291,Movie 291,Kannada,Musical,1991,Unknown Director,Yash,148,7.6,24167,586.8,Netflix,https://www.youtube.com/watch?v=000291,Sandalwood
292,Movie 292,Tamil,Sci-Fi,2024,Rohit Shetty,Rashmika Mandanna,126,5.9,293862,238.2,Disney+ Hotstar,https://www.youtube.com/watch?v=000292,Kollywood
293,Movie 293,Malayalam,Historical,1991,Rohit Shetty,"Allu Arjun, Rashmika Mandanna",196,6.0,227252,12.9,SonyLIV,https://www.youtube.com/watch?v=000293,Mollywood
294,Movie 294,Marathi,Horror,2007,Imtiaz Ali,"Shah Rukh Khan, Aamir Khan",208,8.9,91063,493.3,Amazon Prime,https://www.youtube.com/watch?v=000294,Others
295,Movie 295,Hindi,Horror,2006,S.S. Rajamouli,"Aamir Khan, Rashmika Mandanna, Mohanlal",127,6.2,240549,341.7,Zee5,https://www.youtube.com/watch?v=000295,Bollywood
296,Movie 296,Telugu,Horror,2005,Sanjay Leela Bhansali,Rashmika Mandanna,151,7.5,168654,206.5,Disney+ Hotstar,https://www.youtube.com/watch?v=000296,Tollywood
297,Movie 297,Telugu,Historical,2014,Sanjay Leela Bhansali,"Rashmika Mandanna, Allu Arjun, Aamir Khan",137,8.3,259446,262.9,SonyLIV,https://www.youtube.com/watch?v=000297,Tollywood
298,Movie 298,Kannada,Thriller,2021,Sanjay Leela Bhansali,Yash,152,7.5,178630,475.3,Zee5,https://www.youtube.com/watch?v=000298,Sandalwood
299,Movie 299,Telugu,Musical,2007,Rohit Shetty,"Allu Arjun, Yash, Shah Rukh Khan",144,8.6,98043,109.2,Disney+ Hotstar,https://www.youtube.com/watch?v=000299,Tollywood
300,Movie 300,Malayalam,Thriller,2022,S.S. Rajamouli,"Alia Bhatt, Deepika Padukone, Kareena Kapoor",202,5.6,160959,260.9,Theatrical,https://www.youtube.com/watch?v=000300,Mollywood
301,Movie 301,Hindi,Drama,1992,Rohit Shetty,"Shah Rukh Khan, Kareena Kapoor",153,6.1,63453,512.9,Zee5,https://www.youtube.com/watch?v=000301,Bollywood
302,Movie 302,Hindi,Romance,1998,Imtiaz Ali,"Allu Arjun, Deepika Padukone, Mohanlal",145,7.5,77911,306.9,Amazon Prime,https://www.youtube.com/watch?v=000302,Bollywood
303,Movie 303,Hindi,Action,2013,Imtiaz Ali,Alia Bhatt,193,5.3,262666,542.9,Disney+ Hotstar,https://www.youtube.com/watch?v=000303,Bollywood
304,Movie 304,Telugu,Horror,2015,Imtiaz Ali,"Shah Rukh Khan, Ranveer Singh, Aamir Khan",135,6.0,262040,63.4,Amazon Prime,https://www.youtube.com/watch?v=000304,Tollywood
305,Movie 305,Marathi,Sci-Fi,2016,Unknown Director,"Kareena Kapoor, Shah Rukh Khan",155,5.4,46597,212.6,Netflix,https://www.youtube.com/watch?v=000305,Others
306,Movie 306,Bengali,Historical,1999,Sanjay Leela Bhansali,Ranveer Singh,172,5.8,278216,130.6,Amazon Prime,https://www.youtube.com/watch?v=000306,Others
307,Movie 307,Gujarati,Historical,1990,S.S. Rajamouli,Shah Rukh Khan,154,7.2,60544,49.1,Theatrical,https://www.youtube.com/watch?v=000307,Others
308,Movie 308,Gujarati,Musical,2004,Anurag Kashyap,"Deepika Padukone, Allu Arjun, Alia Bhatt",132,5.9,232580,420.9,Theatrical,https://www.youtube.com/watch?v=000308,Others
309,Movie 309,Marathi,Romance,2025,Sanjay Leela Bhansali,"Mohanlal, Shah Rukh Khan, Ranveer Singh",184,5.5,106305,53.4,Netflix,https://www.youtube.com/watch?v=000309,Others
310,Movie 310,Marathi,Action,2005,S.S. Rajamouli,"Shah Rukh Khan, Aamir Khan, Kareena Kapoor",132,6.6,181771,119.6,Theatrical,https://www.youtube.com/watch?v=000310,Others
311,Movie 311,Hindi,Horror,1991,Sanjay Leela Bhansali,Ranveer Singh,142,5.4,135455,452.1,Amazon Prime,https://www.youtube.com/watch?v=000311,Bollywood
312,Movie 312,Kannada,Comedy,2022,Rohit Shetty,Shah Rukh Khan,161,8.2,218589,23.1,Zee5,https://www.youtube.com/watch?v=000312,Sandalwood
313,Movie 313,Marathi,Horror,1996,Unknown Director,Deepika Padukone,159,8.9,196587,489.9,Netflix,https://www.youtube.com/watch?v=000313,Others
314,Movie 314,Hindi,Horror,1995,Unknown Director,"Shah Rukh Khan, Deepika Padukone",176,8.4,192333,54.7,SonyLIV,https://www.youtube.com/watch?v=000314,Bollywood
315,Movie 315,Kannada,Romance,2015,S.S. Rajamouli,Alia Bhatt,138,9.0,204338,107.2,Zee5,https://www.youtube.com/watch?v=000315,Sandalwood
316,Movie 316,Telugu,Thriller,1997,S.S. Rajamouli,Rashmika Mandanna,174,7.1,127607,130.0,Disney+ Hotstar,https://www.youtube.com/watch?v=000316,Tollywood
317,Movie 317,Malayalam,Romance,1998,S.S. Rajamouli,"Mohanlal, Allu Arjun, Yash",198,7.9,208535,74.0,Netflix,https://www.youtube.com/watch?v=000317,Mollywood
318,Movie 318,Malayalam,Thriller,2014,S.S. Rajamouli,Shah Rukh Khan,168,6.1,252289,185.1,Theatrical,https://www.youtube.com/watch?v=000318,Mollywood
319,Movie 319,Marathi,Thriller,1994,Imtiaz Ali,Shah Rukh Khan,134,9.3,298623,136.7,Amazon Prime,https://www.youtube.com/watch?v=000319,Others
320,Movie 320,Kannada,Horror,2001,Sanjay Leela Bhansali,"Alia Bhatt, Mohanlal, Rashmika Mandanna",92,6.8,266359,299.3,Zee5,https://www.youtube.com/watch?v=000320,Sandalwood
321,Movie 321,Bengali,Romance,2012,Sanjay Leela Bhansali,"Kareena Kapoor, Yash, Rashmika Mandanna",172,7.7,66078,544.6,Amazon Prime,https://www.youtube.com/watch?v=000321,Others
322,Movie 322,Gujarati,Musical,1990,Rohit Shetty,Alia Bhatt,180,5.8,181383,597.4,Disney+ Hotstar,https://www.youtube.com/watch?v=000322,Others
323,Movie 323,Hindi,Romance,2020,S.S. Rajamouli,Shah Rukh Khan,140,9.0,227413,437.8,Disney+ Hotstar,https://www.youtube.com/watch?v=000323,Bollywood
324,Movie 324,Bengali,Thriller,2025,Rohit Shetty,Mohanlal,173,7.7,277411,556.2,Zee5,https://www.youtube.com/watch?v=000324,Others
325,Movie 325,Kannada,Romance,2012,S.S. Rajamouli,Yash,201,5.0,198265,150.5,Netflix,https://www.youtube.com/watch?v=000325,Sandalwood
326,Movie 326,Malayalam,Sci-Fi,2005,Imtiaz Ali,Kareena Kapoor,145,6.5,236876,157.0,Theatrical,https://www.youtube.com/watch?v=000326,Mollywood
327,Movie 327,Kannada,Action,2017,Imtiaz Ali,"Alia Bhatt, Allu Arjun, Aamir Khan",198,8.0,130049,457.2,Amazon Prime,https://www.youtube.com/watch?v=000327,Sandalwood
328,Movie 328,Bengali,Historical,2022,Imtiaz Ali,Kareena Kapoor,142,7.3,158229,531.9,SonyLIV,https://www.youtube.com/watch?v=000328,Others
329,Movie 329,Gujarati,Drama,2006,Anurag Kashyap,"Deepika Padukone, Aamir Khan, Shah Rukh Khan",172,8.6,294843,324.7,Amazon Prime,https://www.youtube.com/watch?v=000329,Others
330,Movie 330,Hindi,Horror,2017,Anurag Kashyap,Ranveer Singh,115,8.1,52523,300.3,Amazon Prime,https://www.youtube.com/watch?v=000330,Bollywood
331,Movie 331,Tamil,Historical,1994,Anurag Kashyap,"Shah Rukh Khan, Ranveer Singh",110,7.7,198171,394.5,Netflix,https://www.youtube.com/watch?v=000331,Kollywood
332,Movie 332,Tamil,Sci-Fi,2008,S.S. Rajamouli,"Allu Arjun, Mohanlal",119,7.2,21278,218.5,SonyLIV,https://www.youtube.com/watch?v=000332,Kollywood
333,Movie 333,Tamil,Biopic,2006,Unknown Director,"Yash, Mohanlal, Aamir Khan",160,7.5,150394,451.1,SonyLIV,https://www.youtube.com/watch?v=000333,Kollywood
334,Movie 334,Marathi,Thriller,2011,Sanjay Leela Bhansali,"Alia Bhatt, Ranveer Singh, Shah Rukh Khan",158,7.8,161934,563.1,Zee5,https://www.youtube.com/watch?v=000334,Others
335,Movie 335,Malayalam,Sci-Fi,2010,Unknown Director,"Shah Rukh Khan, Ranveer Singh, Allu Arjun",116,8.4,123187,599.8,Amazon Prime,https://www.youtube.com/watch?v=000335,Mollywood
336,Movie 336,Malayalam,Historical,2007,Sanjay Leela Bhansali,"Yash, Ranveer Singh, Kareena Kapoor",132,5.5,80806,161.4,SonyLIV,https://www.youtube.com/watch?v=000336,Mollywood
337,Movie 337,Tamil,Sci-Fi,2021,S.S. Rajamouli,Kareena Kapoor,209,9.0,14387,311.2,Amazon Prime,https://www.youtube.com/watch?v=000337,Kollywood
338,Movie 338,Malayalam,Thriller,2023,Imtiaz Ali,"Ranveer Singh, Kareena Kapoor",113,7.6,63673,553.2,SonyLIV,https://www.youtube.com/watch?v=000338,Mollywood
339,Movie 339,Tamil,Thriller,2015,Anurag Kashyap,Deepika Padukone,191,8.5,225218,557.4,Zee5,https://www.youtube.com/watch?v=000339,Kollywood
340,Movie 340,Gujarati,Action,2001,S.S. Rajamouli,"Kareena Kapoor, Mohanlal, Allu Arjun",165,8.5,119870,304.5,Netflix,https://www.youtube.com/watch?v=000340,Others
341,Movie 341,Gujarati,Historical,2012,Imtiaz Ali,"Alia Bhatt, Yash",170,6.7,122746,209.0,Theatrical,https://www.youtube.com/watch?v=000341,Others
342,Movie 342,Malayalam,Action,1992,Anurag Kashyap,"Alia Bhatt, Rashmika Mandanna, Mohanlal",128,6.9,234298,549.3,Amazon Prime,https://www.youtube.com/watch?v=000342,Mollywood
343,Movie 343,Marathi,Musical,1997,Rohit Shetty,"Kareena Kapoor, Shah Rukh Khan",199,6.8,9287,32.5,Netflix,https://www.youtube.com/watch?v=000343,Others
344,Movie 344,Malayalam,Romance,1995,S.S. Rajamouli,"Shah Rukh Khan, Mohanlal, Alia Bhatt",102,5.7,139379,9.2,Disney+ Hotstar,https://www.youtube.com/watch?v=000344,Mollywood
345,Movie 345,Hindi,Drama,2002,Sanjay Leela Bhansali,"Alia Bhatt, Allu Arjun, Shah Rukh Khan",134,5.4,179110,57.4,SonyLIV,https://www.youtube.com/watch?v=000345,Bollywood
346,Movie 346,Malayalam,Musical,2006,Sanjay Leela Bhansali,"Allu Arjun, Aamir Khan, Shah Rukh Khan",129,9.3,175517,191.7,Theatrical,https://www.youtube.com/watch?v=000346,Mollywood
347,Movie 347,Gujarati,Musical,2001,Unknown Director,"Mohanlal, Aamir Khan",113,9.4,150405,430.7,Theatrical,https://www.youtube.com/watch?v=000347,Others
348,Movie 348,Hindi,Comedy,1993,S.S. Rajamouli,Mohanlal,187,7.6,293502,569.7,Zee5,https://www.youtube.com/watch?v=000348,Bollywood
349,Movie 349,Bengali,Historical,2015,S.S. Rajamouli,"Ranveer Singh, Allu Arjun",151,6.0,18732,467.1,SonyLIV,https://www.youtube.com/watch?v=000349,Others
350,Movie 350,Gujarati,Biopic,2001,S.S. Rajamouli,"Yash, Aamir Khan, Mohanlal",168,8.1,49744,36.5,Theatrical,https://www.youtube.com/watch?v=000350,Others
351,Movie 351,Gujarati,Biopic,2008,Sanjay Leela Bhansali,"Yash, Mohanlal",202,6.7,140688,68.8,Zee5,https://www.youtube.com/watch?v=000351,Others
352,Movie 352,Kannada,Sci-Fi,2020,Unknown Director,"Alia Bhatt, Kareena Kapoor, Shah Rukh Khan",126,8.1,187867,429.8,SonyLIV,https://www.youtube.com/watch?v=000352,Sandalwood
353,Movie 353,Gujarati,Musical,1996,Rohit Shetty,"Rashmika Mandanna, Ranveer Singh",210,6.5,246392,199.7,Netflix,https://www.youtube.com/watch?v=000353,Others
354,Movie 354,Marathi,Sci-Fi,2018,Anurag Kashyap,"Ranveer Singh, Mohanlal",128,7.6,102508,70.1,Theatrical,https://www.youtube.com/watch?v=000354,Others
355,Movie 355,Kannada,Drama,2010,Imtiaz Ali,"Shah Rukh Khan, Yash",168,7.8,44430,366.2,Theatrical,https://www.youtube.com/watch?v=000355,Sandalwood
356,Movie 356,Gujarati,Horror,1997,Unknown Director,"Rashmika Mandanna, Mohanlal, Ranveer Singh",125,5.4,219437,417.4,Zee5,https://www.youtube.com/watch?v=000356,Others
357,Movie 357,Marathi,Drama,2019,Imtiaz Ali,"Ranveer Singh, Mohanlal, Rashmika Mandanna",100,9.3,209766,293.5,Netflix,https://www.youtube.com/watch?v=000357,Others
358,Movie 358,Bengali,Biopic,2020,Imtiaz Ali,Yash,162,8.7,204935,260.0,Amazon Prime,https://www.youtube.com/watch?v=000358,Others
359,Movie 359,Bengali,Biopic,2024,Rohit Shetty,"Ranveer Singh, Allu Arjun, Mohanlal",142,8.1,299966,153.9,Disney+ Hotstar,https://www.youtube.com/watch?v=000359,Others
360,Movie 360,Telugu,Horror,2010,Unknown Director,"Alia Bhatt, Deepika Padukone, Ranveer Singh",170,7.2,39732,296.2,Netflix,https://www.youtube.com/watch?v=000360,Tollywood
361,Movie 361,Hindi,Sci-Fi,2014,Unknown Director,Deepika Padukone,154,6.8,193874,114.4,Netflix,https://www.youtube.com/watch?v=000361,Bollywood
362,Movie 362,Marathi,Horror,2010,Sanjay Leela Bhansali,"Alia Bhatt, Allu Arjun, Yash",177,7.1,58360,531.9,Zee5,https://www.youtube.com/watch?v=000362,Others
363,Movie 363,Kannada,Historical,1992,Rohit Shetty,"Deepika Padukone, Aamir Khan, Rashmika Mandanna",179,7.6,125918,19.2,SonyLIV,https://www.youtube.com/watch?v=000363,Sandalwood
364,Movie 364,Hindi,Historical,2010,Imtiaz Ali,Rashmika Mandanna,90,7.8,148406,448.1,Disney+ Hotstar,https://www.youtube.com/watch?v=000364,Bollywood
365,Movie 365,Malayalam,Horror,2010,Unknown Director,Aamir Khan,202,5.6,59354,589.5,Netflix,https://www.youtube.com/watch?v=000365,Mollywood
366,Movie 366,Tamil,Thriller,1992,Imtiaz Ali,"Allu Arjun, Rashmika Mandanna",143,6.4,110747,433.1,Amazon Prime,https://www.youtube.com/watch?v=000366,Kollywood
367,Movie 367,Bengali,Sci-Fi,2010,Unknown Director,"Ranveer Singh, Aamir Khan",91,5.9,125033,250.0,Disney+ Hotstar,https://www.youtube.com/watch?v=000367,Others
368,Movie 368,Malayalam,Biopic,2007,S.S. Rajamouli,Shah Rukh Khan,113,7.7,265254,324.6,Amazon Prime,https://www.youtube.com/watch?v=000368,Mollywood
369,Movie 369,Marathi,Action,2014,S.S. Rajamouli,"Mohanlal, Allu Arjun",180,8.5,26076,189.1,Zee5,https://www.youtube.com/watch?v=000369,Others
370,Movie 370,Malayalam,Sci-Fi,1997,Unknown Director,"Allu Arjun, Alia Bhatt",165,5.7,273855,18.3,SonyLIV,https://www.youtube.com/watch?v=000370,Mollywood
371,Movie 371,Malayalam,Romance,2025,Anurag Kashyap,"Alia Bhatt, Deepika Padukone",162,6.2,226296,344.6,Disney+ Hotstar,https://www.youtube.com/watch?v=000371,Mollywood
372,Movie 372,Malayalam,Drama,1995,Rohit Shetty,"Kareena Kapoor, Deepika Padukone",204,8.4,267960,260.4,Netflix,https://www.youtube.com/watch?v=000372,Mollywood
373,Movie 373,Hindi,Drama,1996,Imtiaz Ali,"Alia Bhatt, Deepika Padukone",129,7.2,248345,578.6,Netflix,https://www.youtube.com/watch?v=000373,Bollywood
374,Movie 374,Kannada,Thriller,2020,Imtiaz Ali,"Ranveer Singh, Alia Bhatt",201,7.8,185814,381.2,SonyLIV,https://www.youtube.com/watch?v=000374,Sandalwood
375,Movie 375,Marathi,Drama,1994,Imtiaz Ali,"Ranveer Singh, Deepika Padukone, Kareena Kapoor",189,6.4,168486,136.8,SonyLIV,https://www.youtube.com/watch?v=000375,Others
376,Movie 376,Telugu,Biopic,2019,Anurag Kashyap,"Allu Arjun, Rashmika Mandanna",193,5.1,186702,372.8,Theatrical,https://www.youtube.com/watch?v=000376,Tollywood
377,Movie 377,Telugu,Musical,1993,S.S. Rajamouli,Mohanlal,137,7.4,88661,429.0,Amazon Prime,https://www.youtube.com/watch?v=000377,Tollywood
378,Movie 378,Tamil,Historical,1999,Anurag Kashyap,"Rashmika Mandanna, Aamir Khan, Ranveer Singh",184,7.5,198320,470.4,Amazon Prime,https://www.youtube.com/watch?v=000378,Kollywood
379,Movie 379,Telugu,Musical,1995,Unknown Director,"Allu Arjun, Shah Rukh Khan",170,5.5,15784,540.8,Theatrical,https://www.youtube.com/watch?v=000379,Tollywood
380,Movie 380,Gujarati,Sci-Fi,2003,Anurag Kashyap,"Rashmika Mandanna, Ranveer Singh, Alia Bhatt",118,5.3,130346,554.4,Amazon Prime,https://www.youtube.com/watch?v=000380,Others
381,Movie 381,Bengali,Historical,2025,Unknown Director,"Deepika Padukone, Ranveer Singh, Mohanlal",117,9.4,176718,406.8,Disney+ Hotstar,https://www.youtube.com/watch?v=000381,Others
382,Movie 382,Marathi,Historical,2003,S.S. Rajamouli,"Alia Bhatt, Ranveer Singh, Mohanlal",121,8.1,199676,167.9,Netflix,https://www.youtube.com/watch?v=000382,Others
383,Movie 383,Bengali,Thriller,2001,S.S. Rajamouli,Ranveer Singh,179,8.1,236479,331.1,Zee5,https://www.youtube.com/watch?v=000383,Others
384,Movie 384,Malayalam,Drama,1990,Sanjay Leela Bhansali,Aamir Khan,135,5.0,238440,247.0,Zee5,https://www.youtube.com/watch?v=000384,Mollywood
385,Movie 385,Bengali,Thriller,2003,Imtiaz Ali,"Ranveer Singh, Kareena Kapoor",146,6.5,294474,385.0,SonyLIV,https://www.youtube.com/watch?v=000385,Others
386,Movie 386,Hindi,Horror,2019,S.S. Rajamouli,Rashmika Mandanna,125,7.9,104622,398.0,Disney+ Hotstar,https://www.youtube.com/watch?v=000386,Bollywood
387,Movie 387,Telugu,Historical,1992,Rohit Shetty,Kareena Kapoor,195,8.0,129015,296.8,Netflix,https://www.youtube.com/watch?v=000387,Tollywood
388,Movie 388,Telugu,Sci-Fi,2000,Sanjay Leela Bhansali,"Shah Rukh Khan, Rashmika Mandanna, Ranveer Singh",90,7.4,251400,330.3,Amazon Prime,https://www.youtube.com/watch?v=000388,Tollywood
389,Movie 389,Marathi,Thriller,2003,Imtiaz Ali,"Rashmika Mandanna, Allu Arjun, Kareena Kapoor",169,5.4,198419,573.1,Amazon Prime,https://www.youtube.com/watch?v=000389,Others
390,Movie 390,Bengali,Romance,2025,Imtiaz Ali,"Ranveer Singh, Yash, Rashmika Mandanna",91,6.9,214691,151.6,Zee5,https://www.youtube.com/watch?v=000390,Others
391,Movie 391,Hindi,Musical,2020,Unknown Director,"Yash, Alia Bhatt, Mohanlal",143,7.3,105649,86.5,SonyLIV,https://www.youtube.com/watch?v=000391,Bollywood
392,Movie 392,Bengali,Biopic,1993,Sanjay Leela Bhansali,Alia Bhatt,164,5.7,283906,356.5,SonyLIV,https://www.youtube.com/watch?v=000392,Others
393,Movie 393,Telugu,Horror,2020,Sanjay Leela Bhansali,Rashmika Mandanna,204,6.6,284068,587.4,Amazon Prime,https://www.youtube.com/watch?v=000393,Tollywood
394,Movie 394,Hindi,Thriller,2008,Anurag Kashyap,Rashmika Mandanna,167,6.9,266905,232.3,Zee5,https://www.youtube.com/watch?v=000394,Bollywood
395,Movie 395,Marathi,Drama,2005,Unknown Director,"Alia Bhatt, Mohanlal, Allu Arjun",147,8.4,124324,135.5,Amazon Prime,https://www.youtube.com/watch?v=000395,Others
396,Movie 396,Telugu,Comedy,2020,S.S. Rajamouli,"Ranveer Singh, Mohanlal, Kareena Kapoor",131,8.2,15761,298.9,Netflix,https://www.youtube.com/watch?v=000396,Tollywood
397,Movie 397,Marathi,Thriller,2011,S.S. Rajamouli,"Ranveer Singh, Aamir Khan, Kareena Kapoor",168,7.2,228367,436.0,Amazon Prime,https://www.youtube.com/watch?v=000397,Others
398,Movie 398,Hindi,Comedy,1994,Imtiaz Ali,Alia Bhatt,110,5.8,62161,338.8,Amazon Prime,https://www.youtube.com/watch?v=000398,Bollywood
399,Movie 399,Malayalam,Romance,2005,Sanjay Leela Bhansali,"Rashmika Mandanna, Ranveer Singh",137,5.1,161028,122.4,Disney+ Hotstar,https://www.youtube.com/watch?v=000399,Mollywood
400,Movie 400,Bengali,Drama,2006,Anurag Kashyap,"Alia Bhatt, Aamir Khan, Deepika Padukone",143,6.2,113328,412.7,Theatrical,https://www.youtube.com/watch?v=000400,Others
401,Movie 401,Bengali,Biopic,2009,Rohit Shetty,"Aamir Khan, Yash, Rashmika Mandanna",140,6.2,285771,170.0,Zee5,https://www.youtube.com/watch?v=000401,Others
402,Movie 402,Gujarati,Thriller,2021,Imtiaz Ali,Allu Arjun,127,9.4,172932,238.5,Zee5,https://www.youtube.com/watch?v=000402,Others
403,Movie 403,Telugu,Musical,2003,Sanjay Leela Bhansali,"Shah Rukh Khan, Allu Arjun",143,7.8,213830,528.0,SonyLIV,https://www.youtube.com/watch?v=000403,Tollywood
404,Movie 404,Hindi,Biopic,1994,Imtiaz Ali,"Rashmika Mandanna, Mohanlal, Aamir Khan",97,5.9,115004,252.5,Amazon Prime,https://www.youtube.com/watch?v=000404,Bollywood
405,Movie 405,Kannada,Sci-Fi,2017,Sanjay Leela Bhansali,"Rashmika Mandanna, Yash",134,8.1,157930,35.8,Disney+ Hotstar,https://www.youtube.com/watch?v=000405,Sandalwood
406,Movie 406,Telugu,Action,1995,S.S. Rajamouli,Yash,122,6.9,63130,467.4,Theatrical,https://www.youtube.com/watch?v=000406,Tollywood
407,Movie 407,Tamil,Drama,2025,Rohit Shetty,"Kareena Kapoor, Alia Bhatt",178,6.4,108015,196.7,Zee5,https://www.youtube.com/watch?v=000407,Kollywood
408,Movie 408,Kannada,Biopic,1992,S.S. Rajamouli,"Mohanlal, Ranveer Singh, Kareena Kapoor",130,9.2,11890,147.2,Amazon Prime,https://www.youtube.com/watch?v=000408,Sandalwood
409,Movie 409,Marathi,Musical,2003,Rohit Shetty,Deepika Padukone,99,8.1,72719,339.5,Zee5,https://www.youtube.com/watch?v=000409,Others
410,Movie 410,Telugu,Horror,1992,Anurag Kashyap,"Shah Rukh Khan, Kareena Kapoor",203,7.5,98386,164.2,Zee5,https://www.youtube.com/watch?v=000410,Tollywood
411,Movie 411,Kannada,Historical,2013,S.S. Rajamouli,"Ranveer Singh, Rashmika Mandanna",136,5.3,133990,223.8,SonyLIV,https://www.youtube.com/watch?v=000411,Sandalwood
412,Movie 412,Telugu,Comedy,2001,Sanjay Leela Bhansali,Allu Arjun,146,7.4,175279,47.4,Netflix,https://www.youtube.com/watch?v=000412,Tollywood
413,Movie 413,Bengali,Comedy,2025,S.S. Rajamouli,Allu Arjun,101,7.2,52615,18.4,Zee5,https://www.youtube.com/watch?v=000413,Others
414,Movie 414,Bengali,Historical,2002,Rohit Shetty,"Allu Arjun, Kareena Kapoor",192,6.4,285834,201.8,SonyLIV,https://www.youtube.com/watch?v=000414,Others
415,Movie 415,Tamil,Biopic,1996,Rohit Shetty,"Yash, Shah Rukh Khan, Deepika Padukone",130,9.4,41612,323.2,Zee5,https://www.youtube.com/watch?v=000415,Kollywood
416,Movie 416,Tamil,Musical,2023,Sanjay Leela Bhansali,"Allu Arjun, Ranveer Singh",100,7.2,226335,230.8,SonyLIV,https://www.youtube.com/watch?v=000416,Kollywood
417,Movie 417,Hindi,Sci-Fi,1995,Anurag Kashyap,"Aamir Khan, Mohanlal",92,5.1,93537,115.3,Amazon Prime,https://www.youtube.com/watch?v=000417,Bollywood
418,Movie 418,Tamil,Action,2001,Sanjay Leela Bhansali,"Alia Bhatt, Yash",210,7.4,151045,430.2,Zee5,https://www.youtube.com/watch?v=000418,Kollywood
419,Movie 419,Marathi,Sci-Fi,2002,S.S. Rajamouli,"Allu Arjun, Deepika Padukone, Shah Rukh Khan",133,7.4,238403,93.5,Theatrical,https://www.youtube.com/watch?v=000419,Others
420,Movie 420,Kannada,Historical,2002,S.S. Rajamouli,"Deepika Padukone, Yash, Aamir Khan",119,8.2,133626,143.9,Theatrical,https://www.youtube.com/watch?v=000420,Sandalwood
421,Movie 421,Bengali,Thriller,2002,Rohit Shetty,"Ranveer Singh, Yash",188,5.8,212693,568.4,Amazon Prime,https://www.youtube.com/watch?v=000421,Others
422,Movie 422,Telugu,Action,1996,S.S. Rajamouli,"Alia Bhatt, Rashmika Mandanna",201,7.6,254453,257.2,Disney+ Hotstar,https://www.youtube.com/watch?v=000422,Tollywood
423,Movie 423,Bengali,Biopic,2013,Sanjay Leela Bhansali,"Ranveer Singh, Kareena Kapoor, Deepika Padukone",206,6.8,243511,589.0,Theatrical,https://www.youtube.com/watch?v=000423,Others
424,Movie 424,Tamil,Musical,2004,Anurag Kashyap,"Aamir Khan, Shah Rukh Khan",189,7.0,268155,77.1,Theatrical,https://www.youtube.com/watch?v=000424,Kollywood
425,Movie 425,Gujarati,Thriller,2019,Sanjay Leela Bhansali,"Kareena Kapoor, Yash, Aamir Khan",137,5.3,141804,301.5,Netflix,https://www.youtube.com/watch?v=000425,Others
426,Movie 426,Gujarati,Horror,2025,Sanjay Leela Bhansali,"Yash, Ranveer Singh",117,9.2,169901,183.1,Amazon Prime,https://www.youtube.com/watch?v=000426,Others
427,Movie 427,Kannada,Sci-Fi,2022,Rohit Shetty,"Rashmika Mandanna, Aamir Khan",108,5.5,213627,232.3,Netflix,https://www.youtube.com/watch?v=000427,Sandalwood
428,Movie 428,Kannada,Thriller,2009,Imtiaz Ali,Kareena Kapoor,148,7.1,237251,246.0,Theatrical,https://www.youtube.com/watch?v=000428,Sandalwood
429,Movie 429,Tamil,Thriller,2007,Sanjay Leela Bhansali,Allu Arjun,182,6.7,24129,69.3,Theatrical,https://www.youtube.com/watch?v=000429,Kollywood
430,Movie 430,Telugu,Drama,2009,Anurag Kashyap,Deepika Padukone,206,6.0,192572,403.6,Zee5,https://www.youtube.com/watch?v=000430,Tollywood
431,Movie 431,Marathi,Historical,2012,S.S. Rajamouli,"Alia Bhatt, Allu Arjun",202,5.4,201287,100.9,Disney+ Hotstar,https://www.youtube.com/watch?v=000431,Others
432,Movie 432,Kannada,Horror,2006,Sanjay Leela Bhansali,"Deepika Padukone, Allu Arjun, Yash",205,7.3,43092,291.1,Theatrical,https://www.youtube.com/watch?v=000432,Sandalwood
433,Movie 433,Malayalam,Thriller,2004,Imtiaz Ali,Mohanlal,126,5.9,8622,94.8,Netflix,https://www.youtube.com/watch?v=000433,Mollywood
434,Movie 434,Marathi,Horror,2019,Rohit Shetty,Alia Bhatt,204,8.1,40414,83.7,Disney+ Hotstar,https://www.youtube.com/watch?v=000434,Others
435,Movie 435,Gujarati,Thriller,1995,S.S. Rajamouli,Deepika Padukone,206,8.0,261372,403.0,Netflix,https://www.youtube.com/watch?v=000435,Others
436,Movie 436,Tamil,Historical,2021,S.S. Rajamouli,"Yash, Ranveer Singh, Allu Arjun",134,8.9,134430,465.5,Disney+ Hotstar,https://www.youtube.com/watch?v=000436,Kollywood
437,Movie 437,Hindi,Horror,1994,Anurag Kashyap,"Mohanlal, Yash, Rashmika Mandanna",176,7.1,22739,388.2,Theatrical,https://www.youtube.com/watch?v=000437,Bollywood
438,Movie 438,Malayalam,Action,2019,Imtiaz Ali,"Ranveer Singh, Shah Rukh Khan",130,6.9,63356,487.6,Amazon Prime,https://www.youtube.com/watch?v=000438,Mollywood
439,Movie 439,Bengali,Musical,2008,Anurag Kashyap,Allu Arjun,209,5.4,128734,100.5,Disney+ Hotstar,https://www.youtube.com/watch?v=000439,Others
440,Movie 440,Telugu,Sci-Fi,1998,Sanjay Leela Bhansali,"Rashmika Mandanna, Yash, Deepika Padukone",159,5.7,56783,368.7,Theatrical,https://www.youtube.com/watch?v=000440,Tollywood
441,Movie 441,Malayalam,Biopic,2020,Imtiaz Ali,"Alia Bhatt, Aamir Khan, Rashmika Mandanna",94,7.0,75150,270.0,Zee5,https://www.youtube.com/watch?v=000441,Mollywood
442,Movie 442,Marathi,Thriller,1990,Imtiaz Ali,Alia Bhatt,140,6.1,20503,508.9,Netflix,https://www.youtube.com/watch?v=000442,Others
443,Movie 443,Kannada,Horror,2000,Anurag Kashyap,"Aamir Khan, Alia Bhatt, Deepika Padukone",155,7.6,297200,362.7,SonyLIV,https://www.youtube.com/watch?v=000443,Sandalwood
444,Movie 444,Bengali,Thriller,2021,Anurag Kashyap,"Ranveer Singh, Allu Arjun, Deepika Padukone",97,9.1,133219,103.6,Theatrical,https://www.youtube.com/watch?v=000444,Others
445,Movie 445,Malayalam,Musical,2013,S.S. Rajamouli,"Rashmika Mandanna, Yash, Kareena Kapoor",202,5.6,229983,576.8,Amazon Prime,https://www.youtube.com/watch?v=000445,Mollywood
446,Movie 446,Malayalam,Action,2014,Imtiaz Ali,"Deepika Padukone, Rashmika Mandanna",170,8.3,59028,47.7,SonyLIV,https://www.youtube.com/watch?v=000446,Mollywood
447,Movie 447,Gujarati,Comedy,2021,Sanjay Leela Bhansali,Ranveer Singh,140,6.6,130670,461.9,Zee5,https://www.youtube.com/watch?v=000447,Others
448,Movie 448,Hindi,Biopic,2012,S.S. Rajamouli,"Allu Arjun, Aamir Khan",163,8.9,276730,265.4,SonyLIV,https://www.youtube.com/watch?v=000448,Bollywood
449,Movie 449,Telugu,Action,1996,Anurag Kashyap,"Deepika Padukone, Aamir Khan",166,9.4,33903,359.4,SonyLIV,https://www.youtube.com/watch?v=000449,Tollywood
450,Movie 450,Tamil,Romance,2018,Sanjay Leela Bhansali,"Kareena Kapoor, Rashmika Mandanna, Mohanlal",161,5.3,39779,530.4,Amazon Prime,https://www.youtube.com/watch?v=000450,Kollywood
451,Movie 451,Telugu,Horror,2001,Sanjay Leela Bhansali,Rashmika Mandanna,157,7.1,177398,17.5,Theatrical,https://www.youtube.com/watch?v=000451,Tollywood
452,Movie 452,Malayalam,Romance,2012,Rohit Shetty,"Kareena Kapoor, Shah Rukh Khan, Alia Bhatt",116,8.2,93824,248.5,Theatrical,https://www.youtube.com/watch?v=000452,Mollywood
453,Movie 453,Kannada,Sci-Fi,1996,Rohit Shetty,"Allu Arjun, Shah Rukh Khan, Yash",187,6.1,162860,141.2,Theatrical,https://www.youtube.com/watch?v=000453,Sandalwood
454,Movie 454,Telugu,Drama,2017,Rohit Shetty,Mohanlal,204,9.2,126165,485.0,Disney+ Hotstar,https://www.youtube.com/watch?v=000454,Tollywood
455,Movie 455,Tamil,Romance,1990,Imtiaz Ali,"Mohanlal, Yash",122,7.3,184345,441.7,SonyLIV,https://www.youtube.com/watch?v=000455,Kollywood
456,Movie 456,Marathi,Action,1990,Sanjay Leela Bhansali,"Aamir Khan, Allu Arjun",114,6.9,193579,324.4,Disney+ Hotstar,https://www.youtube.com/watch?v=000456,Others
457,Movie 457,Hindi,Biopic,2025,Imtiaz Ali,"Rashmika Mandanna, Deepika Padukone, Allu Arjun",184,6.9,72366,433.9,Disney+ Hotstar,https://www.youtube.com/watch?v=000457,Bollywood
458,Movie 458,Gujarati,Action,2025,Anurag Kashyap,Kareena Kapoor,114,5.1,184536,261.4,Amazon Prime,https://www.youtube.com/watch?v=000458,Others
459,Movie 459,Telugu,Romance,2013,Sanjay Leela Bhansali,Kareena Kapoor,102,7.2,215374,257.1,Zee5,https://www.youtube.com/watch?v=000459,Tollywood
460,Movie 460,Tamil,Romance,1996,Sanjay Leela Bhansali,"Kareena Kapoor, Deepika Padukone",125,8.9,99878,107.7,Theatrical,https://www.youtube.com/watch?v=000460,Kollywood
461,Movie 461,Telugu,Biopic,1998,Imtiaz Ali,"Ranveer Singh, Aamir Khan, Deepika Padukone",131,5.0,29060,367.9,Disney+ Hotstar,https://www.youtube.com/watch?v=000461,Tollywood
462,Movie 462,Hindi,Sci-Fi,2007,Unknown Director,"Allu Arjun, Ranveer Singh",103,6.4,48013,519.1,SonyLIV,https://www.youtube.com/watch?v=000462,Bollywood
463,Movie 463,Telugu,Comedy,2007,Anurag Kashyap,"Aamir Khan, Alia Bhatt",146,8.8,61826,88.9,SonyLIV,https://www.youtube.com/watch?v=000463,Tollywood
464,Movie 464,Bengali,Horror,1993,S.S. Rajamouli,"Kareena Kapoor, Aamir Khan",176,7.4,227370,166.4,Theatrical,https://www.youtube.com/watch?v=000464,Others
465,Movie 465,Tamil,Thriller,1990,Imtiaz Ali,"Aamir Khan, Rashmika Mandanna, Yash",165,7.9,149154,168.2,Disney+ Hotstar,https://www.youtube.com/watch?v=000465,Kollywood
466,Movie 466,Hindi,Comedy,1998,Rohit Shetty,"Alia Bhatt, Ranveer Singh, Deepika Padukone",191,7.1,274752,225.7,Theatrical,https://www.youtube.com/watch?v=000466,Bollywood
467,Movie 467,Tamil,Comedy,1997,Imtiaz Ali,"Yash, Alia Bhatt",138,7.4,9114,441.8,SonyLIV,https://www.youtube.com/watch?v=000467,Kollywood
468,Movie 468,Gujarati,Thriller,2002,Anurag Kashyap,"Ranveer Singh, Alia Bhatt, Yash",175,5.9,72720,315.7,SonyLIV,https://www.youtube.com/watch?v=000468,Others
469,Movie 469,Gujarati,Romance,2022,S.S. Rajamouli,"Allu Arjun, Deepika Padukone, Mohanlal",158,8.4,108387,274.6,Netflix,https://www.youtube.com/watch?v=000469,Others
470,Movie 470,Tamil,Horror,2009,Imtiaz Ali,Yash,143,5.6,246752,70.4,Theatrical,https://www.youtube.com/watch?v=000470,Kollywood
471,Movie 471,Bengali,Sci-Fi,2009,Anurag Kashyap,"Yash, Ranveer Singh, Aamir Khan",184,5.7,2973,343.5,Zee5,https://www.youtube.com/watch?v=000471,Others
472,Movie 472,Telugu,Biopic,1994,Unknown Director,Aamir Khan,135,7.7,206133,251.9,Theatrical,https://www.youtube.com/watch?v=000472,Tollywood
473,Movie 473,Hindi,Historical,2001,Sanjay Leela Bhansali,"Alia Bhatt, Allu Arjun, Yash",182,7.9,132124,530.8,Amazon Prime,https://www.youtube.com/watch?v=000473,Bollywood
474,Movie 474,Bengali,Historical,1995,Unknown Director,"Mohanlal, Alia Bhatt, Shah Rukh Khan",147,9.2,20200,326.0,Disney+ Hotstar,https://www.youtube.com/watch?v=000474,Others
475,Movie 475,Marathi,Historical,2021,Anurag Kashyap,Alia Bhatt,194,6.6,18180,552.0,Theatrical,https://www.youtube.com/watch?v=000475,Others
476,Movie 476,Marathi,Musical,2001,Sanjay Leela Bhansali,"Rashmika Mandanna, Ranveer Singh",197,6.4,90996,324.2,Zee5,https://www.youtube.com/watch?v=000476,Others
477,Movie 477,Bengali,Historical,2015,S.S. Rajamouli,"Yash, Aamir Khan",114,5.4,24285,196.9,Amazon Prime,https://www.youtube.com/watch?v=000477,Others
478,Movie 478,Malayalam,Action,1996,Anurag Kashyap,Allu Arjun,157,5.7,32374,327.4,Theatrical,https://www.youtube.com/watch?v=000478,Mollywood
479,Movie 479,Hindi,Sci-Fi,2003,Sanjay Leela Bhansali,"Aamir Khan, Kareena Kapoor",171,9.5,149446,115.6,Amazon Prime,https://www.youtube.com/watch?v=000479,Bollywood
480,Movie 480,Kannada,Action,1992,Anurag Kashyap,Allu Arjun,186,7.2,83108,599.7,Theatrical,https://www.youtube.com/watch?v=000480,Sandalwood
481,Movie 481,Gujarati,Romance,2021,Rohit Shetty,"Shah Rukh Khan, Kareena Kapoor",100,7.2,227539,277.0,Netflix,https://www.youtube.com/watch?v=000481,Others
482,Movie 482,Malayalam,Sci-Fi,1993,Imtiaz Ali,Mohanlal,90,8.3,102721,334.1,Disney+ Hotstar,https://www.youtube.com/watch?v=000482,Mollywood
483,Movie 483,Kannada,Sci-Fi,1999,Anurag Kashyap,"Alia Bhatt, Mohanlal",105,6.0,148167,338.4,SonyLIV,https://www.youtube.com/watch?v=000483,Sandalwood
484,Movie 484,Marathi,Horror,2002,Rohit Shetty,"Rashmika Mandanna, Alia Bhatt",174,7.4,78602,426.5,SonyLIV,https://www.youtube.com/watch?v=000484,Others
485,Movie 485,Hindi,Historical,2023,Imtiaz Ali,"Mohanlal, Deepika Padukone, Allu Arjun",210,8.0,213143,485.8,Theatrical,https://www.youtube.com/watch?v=000485,Bollywood
486,Movie 486,Telugu,Horror,2023,Sanjay Leela Bhansali,"Allu Arjun, Aamir Khan",143,8.5,126889,367.9,Zee5,https://www.youtube.com/watch?v=000486,Tollywood
487,Movie 487,Hindi,Comedy,2024,Unknown Director,"Ranveer Singh, Kareena Kapoor, Allu Arjun",149,6.0,51905,83.4,SonyLIV,https://www.youtube.com/watch?v=000487,Bollywood
488,Movie 488,Tamil,Thriller,1992,Sanjay Leela Bhansali,"Kareena Kapoor, Yash, Alia Bhatt",152,7.8,228967,241.7,Zee5,https://www.youtube.com/watch?v=000488,Kollywood
489,Movie 489,Bengali,Comedy,1998,Anurag Kashyap,"Aamir Khan, Ranveer Singh, Deepika Padukone",148,5.4,165225,139.5,SonyLIV,https://www.youtube.com/watch?v=000489,Others
490,Movie 490,Bengali,Horror,2008,Imtiaz Ali,"Ranveer Singh, Yash, Alia Bhatt",172,7.3,252406,5.3,Disney+ Hotstar,https://www.youtube.com/watch?v=000490,Others
491,Movie 491,Bengali,Historical,2003,Unknown Director,"Rashmika Mandanna, Alia Bhatt, Allu Arjun",151,5.4,74571,82.9,Netflix,https://www.youtube.com/watch?v=000491,Others
492,Movie 492,Bengali,Sci-Fi,2017,Sanjay Leela Bhansali,"Alia Bhatt, Shah Rukh Khan",146,5.1,16496,406.6,SonyLIV,https://www.youtube.com/watch?v=000492,Others
493,Movie 493,Bengali,Biopic,1998,Imtiaz Ali,Mohanlal,132,5.9,110586,382.5,Disney+ Hotstar,https://www.youtube.com/watch?v=000493,Others
494,Movie 494,Bengali,Action,2003,Imtiaz Ali,Shah Rukh Khan,114,6.0,183777,100.0,Netflix,https://www.youtube.com/watch?v=000494,Others
495,Movie 495,Bengali,Musical,2007,S.S. Rajamouli,"Mohanlal, Deepika Padukone",135,6.9,263336,332.2,Amazon Prime,https://www.youtube.com/watch?v=000495,Others
496,Movie 496,Kannada,Sci-Fi,2022,Sanjay Leela Bhansali,"Mohanlal, Aamir Khan",112,6.2,259364,371.4,SonyLIV,https://www.youtube.com/watch?v=000496,Sandalwood
497,Movie 497,Hindi,Historical,2012,Unknown Director,"Rashmika Mandanna, Mohanlal",114,7.9,42447,422.4,SonyLIV,https://www.youtube.com/watch?v=000497,Bollywood
498,Movie 498,Tamil,Historical,2013,Rohit Shetty,Aamir Khan,102,7.1,193317,19.9,Netflix,https://www.youtube.com/watch?v=000498,Kollywood
499,Movie 499,Kannada,Action,2000,Unknown Director,"Ranveer Singh, Mohanlal, Rashmika Mandanna",133,6.1,88009,301.9,Zee5,https://www.youtube.com/watch?v=000499,Sandalwood
500,Movie 500,Gujarati,Action,2004,Unknown Director,"Aamir Khan, Deepika Padukone, Alia Bhatt",93,7.6,58549,508.5,Disney+ Hotstar,https://www.youtube.com/watch?v=000500,Others
